record_id,title,program_family_id,category_reference,subcategory_reference,gower_pam_k8,gower_hierarchical_k5,structured_kmeans_k5,text_tfidf_svd_kmeans_k15,sentence_embedding_kmeans_k5,lca_k4
PBLN_000000000103611,[경북] 구미 방산혁신클러스터 방산 헬프데스크-지역소재기업 경영ㆍ기술지원 모집 공고,FAM-0001,경영,디자인/상품화/사업화,6,2,1,14,1,3
PBLN_000000000109049,의료기기산업 종합지원센터 상시 상담 프로그램 공고,FAM-0002,경영,정보화지원,7,2,2,14,2,0
PBLN_000000000109367,[세종] 2기 Invest On 투자 역량강화 프로그램 보육기업 모집 공고,FAM-0003,창업,사업화지원,7,2,1,1,2,0
PBLN_000000000116037,[부산] 2025년 스마트공장 기초단계 컨설팅 수요기업 모집 공고,FAM-0004,경영,컨설팅,7,2,2,2,1,0
PBLN_000000000116045,[부산] 6차 부산특구(암모니아 친환경에너지) 2차년도 안착화지원사업 통합 공고,FAM-0005,경영,디자인/상품화/사업화,6,2,1,2,3,0
PBLN_000000000116487,[경남] 창원시 2025년 중소기업육성자금 긴급 융자 지원사업 재공고,FAM-0006,금융,융자,3,1,0,3,4,2
PBLN_000000000116801,2025년 코로나19 피해 소상공인 분할상환 특례 지원 시행 수정 공고,FAM-0007,금융,융자,0,2,2,2,4,2
PBLN_000000000116904,2026년 중앙부처 및 지자체 창업지원사업 통합 공고,FAM-0008,창업,사업화지원,4,4,2,10,2,3
PBLN_000000000116966,[경남] 김해시 2026년 가축분뇨 수집ㆍ운반 수수료 지원사업 신청서 접수 공고,FAM-0009,경영,시설/입지지원,2,2,0,2,4,0
PBLN_000000000116975,넷제로 챌린지X 통합 공고,FAM-0010,창업,사업화지원,4,2,2,11,2,3
PBLN_000000000116998,[경북] 2026년 소상공인육성자금(경북버팀금융) 이차보전 지원 계획 공고,FAM-0011,금융,융자,3,1,2,6,1,1
PBLN_000000000117016,2026년 중소벤처기업부 소상공인 지원사업 통합 공고,FAM-0012,경영,디자인/상품화/사업화,0,2,2,2,2,3
PBLN_000000000117028,2026년 완도군 단체관광객 유치 여행사 인센티브 지원계획 공고,FAM-0013,경영,디자인/상품화/사업화,6,2,2,8,0,0
PBLN_000000000117038,[충북] 2026년 소상공인 육성자금 지원계획 공고,FAM-0014,금융,융자,5,2,3,3,4,2
PBLN_000000000117062,[충북] 2026년 중소기업육성자금 융자(이차보전) 지원계획 공고,FAM-0015,금융,융자,0,1,3,10,4,2
PBLN_000000000117066,장애인고용개선장려금 사업 공고,FAM-0016,금융,융자,0,2,2,2,2,0
PBLN_000000000117067,[세종] 2026년 사회적경제 조직 금융(이차보전) 지원계획 공고,FAM-0017,금융,융자,5,1,0,2,3,2
PBLN_000000000117068,[경북] 청년하우스 주거 지원 사업 전세대출이자ㆍ월세 지원 모집 공고(금호 이웃사촌마을 조성사업),FAM-0018,경영,시설/입지지원,0,2,1,4,3,1
PBLN_000000000117071,[부산] 사상구 2026년 소상공인 보증료 지원사업 대상자 모집 공고,FAM-0019,금융,보증,0,2,0,6,4,1
PBLN_000000000117072,[경기] 부천시 2026년 골목형상점가 지정 모집 공고,FAM-0020,내수,홍보지원,0,2,2,10,1,0
PBLN_000000000117074,[경기] 부천시 2026년 중소기업특례보증 지원 계획 공고,FAM-0021,금융,보증,0,2,1,6,4,0
PBLN_000000000117075,[경기] 부천시 2026년 특례보증 지원 계획 공고,FAM-0022,금융,보증,0,2,3,6,4,1
PBLN_000000000117094,[충남] 2026년 소상공인자금 융자 지원계획 공고,FAM-0023,금융,융자,0,1,3,2,4,1
PBLN_000000000117095,[충남] 2026년 사회적경제기금 융자지원 계획 공고,FAM-0024,금융,융자,0,2,3,2,4,2
PBLN_000000000117096,[대전] 서구 2026년 소상공인 경영안정자금 지원사업 공고,FAM-0025,금융,융자,5,1,3,6,3,2
PBLN_000000000117103,[대전] 유성구 2026년 소상공인 특례보증 지원사업 공고,FAM-0026,금융,융자,3,2,2,6,4,2
PBLN_000000000117109,[경기] 2026년 사회적경제조직 특별융자 사업 공고,FAM-0027,금융,융자,0,1,0,3,4,1
PBLN_000000000117111,[서울] 2026년 중소기업육성자금 융자지원 계획 공고,FAM-0028,금융,융자,0,1,2,10,4,2
PBLN_000000000117118,[광주] 2025년 지역기업 투자유치 역량강화를 위한 IR 참가기업 모집 공고,FAM-0029,경영,컨설팅,0,2,2,1,2,3
PBLN_000000000117127,2026년 관광진흥개발기금 신용보증부 운영자금 특별융자 지원 지침 공고,FAM-0030,금융,융자,0,1,3,2,4,1
PBLN_000000000117130,2026년 상반기 관광진흥개발기금 이차보전 지원 지침 공고,FAM-0031,금융,융자,5,1,3,3,4,1
PBLN_000000000117131,2026년 구조혁신지원사업 참여기업 모집 공고,FAM-0032,경영,컨설팅,7,2,1,9,2,0
PBLN_000000000117135,[전남] 2026년 중소기업 육성자금(창업 및 경쟁력강화자금) 지원계획 공고,FAM-0033,금융,융자,5,1,3,3,4,2
PBLN_000000000117137,[전남] 2026년 중소기업 육성자금(벤처기업 육성자금) 지원계획 공고,FAM-0034,금융,융자,5,1,3,3,4,2
PBLN_000000000117145,[전남] 2026년 중소기업 육성자금(중소유통업 구조개선자금) 지원계획 공고,FAM-0035,금융,융자,5,1,3,3,4,2
PBLN_000000000117146,[전남] 2026년 중소기업 육성자금(중소기업 경영안정자금) 지원계획 공고,FAM-0036,금융,융자,0,1,3,3,4,1
PBLN_000000000117147,[전남] 2026년 중소기업 육성자금(건설업 (특별)경영안정자금) 지원계획 공고,FAM-0037,금융,융자,0,1,3,3,4,2
PBLN_000000000117149,[전남] 2026년 중소기업 육성자금(사회적경제 (특별)경영안정자금) 지원계획 공고,FAM-0038,금융,융자,3,1,3,3,4,2
PBLN_000000000117150,[인천] 서구 2026년 청년기업 인증 신청 공고,FAM-0039,경영,디자인/상품화/사업화,6,3,0,14,4,0
PBLN_000000000117154,[경북] 2026년 산불피해기업 재해시설자금 이차보전 지원 계획 공고,FAM-0040,금융,융자,5,1,3,3,4,2
PBLN_000000000117158,[경북] 2026년 벤처기업 육성자금 운용계획 공고,FAM-0041,금융,융자,5,1,3,3,4,2
PBLN_000000000117162,[경북] 2026년 창업 및 경쟁력강화 사업자금 지원 계획 공고,FAM-0042,금융,융자,0,2,3,3,4,1
PBLN_000000000117167,[경기] 포천시 2026년 소공인가구지원센터 운영 지원 사업 공고,FAM-0043,경영,디자인/상품화/사업화,6,2,1,11,1,0
PBLN_000000000117177,[경기] 성남시 2026년 중소기업 특례보증 지원계획 공고,FAM-0044,금융,보증,0,2,3,10,3,1
PBLN_000000000117188,[경기] 성남시 2026년 중소기업육성자금 이차보전금 지원계획 공고,FAM-0045,금융,융자,5,1,3,3,3,2
PBLN_000000000117191,[부산] 2026년 식품진흥기금 융자사업 계획 공고,FAM-0046,금융,융자,5,1,3,2,4,2
PBLN_000000000117214,[경북] 2026년 중소기업 운전자금(이차보전) 지원 계획 공고,FAM-0047,금융,융자,5,1,3,3,4,2
PBLN_000000000117221,[대전] 소상공인 경영위기극복 특례보증 지원 공고,FAM-0048,금융,보증,3,1,0,6,1,2
PBLN_000000000117223,[대전] 2026년 1차 소상공인 초저금리 특별자금 지원 계획 공고,FAM-0049,금융,보증,3,1,0,6,4,2
PBLN_000000000117232,[충남] 2026년 식품진흥기금 시설개선자금 융자계획 공고,FAM-0050,금융,융자,5,1,0,2,4,2
PBLN_000000000117254,[경남] 창원시 2026년 중소기업 육성자금 융자지원 계획 공고,FAM-0051,금융,융자,5,1,3,3,4,2
PBLN_000000000117257,[경남] 사천시 2026년 상반기 소상공인 육성자금 지원 공고,FAM-0052,금융,융자,5,1,3,3,3,2
PBLN_000000000117258,[경남] 김해시 2026년 상반기 중소기업육성자금 지원 계획 공고,FAM-0053,금융,융자,5,1,3,3,4,2
PBLN_000000000117260,2026년 밀양시 단체관광객 유치 인센티브 지원 계획 공고,FAM-0054,경영,디자인/상품화/사업화,0,2,2,8,0,0
PBLN_000000000117276,[경남] 김해시 2026년 사회적경제기업 금융지원 사업 계획 공고,FAM-0055,금융,융자,5,1,0,4,4,2
PBLN_000000000117277,[경남] 하동군 2026년 소상공인 생애 첫 창업 지원사업 공고,FAM-0056,창업,사업화지원,0,2,2,2,4,1
PBLN_000000000117278,[경남] 산청군 인구감소지역 소재 중소기업 특례보증 금융지원 신청 공고,FAM-0057,금융,보증,3,1,3,10,3,2
PBLN_000000000117283,[경남] 거제시 2026년 저신용 소상공인 이차보전 지원사업 계획 공고,FAM-0058,금융,융자,3,1,3,6,4,2
PBLN_000000000117291,2026년 한국식품산업클러스터진흥원 기업지원시설ㆍ장비 활용 지원사업 공고,FAM-0059,경영,시설/입지지원,0,2,2,4,1,3
PBLN_000000000117294,[경남] 창녕군 2026년 중소기업 전시(박람)회 참가 지원 계획 공고,FAM-0060,경영,디자인/상품화/사업화,6,2,0,14,2,0
PBLN_000000000117296,[경남] 거제시 2026년 상반기 중소기업 육성자금 융자지원 계획 공고,FAM-0061,금융,융자,5,1,0,3,4,0
PBLN_000000000117297,2026년 상반기 무료 직무발명제도 컨설팅 신청 공고,FAM-0062,경영,컨설팅,7,2,2,9,2,0
PBLN_000000000117298,[경남] 창녕군 2026년 상반기 중소기업 육성자금 융자지원 계획 공고,FAM-0063,금융,융자,5,1,3,3,4,2
PBLN_000000000117303,[경남] 거제시 2026년 조선협력사 중소기업 육성자금 연장 지원 계획 공고,FAM-0064,금융,융자,6,1,0,3,3,0
PBLN_000000000117308,2026년 양산시 단체관광객 유치 인센티브 지원 계획 공고,FAM-0065,경영,디자인/상품화/사업화,7,2,0,8,0,0
PBLN_000000000117309,[경남] 함안군 2026년 소상공인 육성자금(이자) 지원계획 공고,FAM-0066,금융,융자,3,1,3,3,4,2
PBLN_000000000117316,[경북] 의성군 2026년 중소기업 운전자금 지원 공고,FAM-0067,금융,융자,5,1,3,3,4,2
PBLN_000000000117319,[경북] 의성군 2026년 중소기업 고용보조금 지원사업 공고,FAM-0068,금융,융자,0,2,2,4,4,0
PBLN_000000000117324,[경북] 문경시 2026년 중소기업 운전자금 지원 계획 공고,FAM-0069,금융,융자,5,1,3,3,4,2
PBLN_000000000117330,2026년 직무발명제도 규정 도입 여부 확인 신청 공고,FAM-0070,경영,디자인/상품화/사업화,7,2,2,9,2,0
PBLN_000000000117332,2026년 청송군 단체관광객 유치 인센티브 지원계획 공고,FAM-0071,경영,디자인/상품화/사업화,0,2,0,8,0,0
PBLN_000000000117334,2026년 청도군 단체관광객 유치 인센티브 지원사업 공고,FAM-0072,내수,홍보지원,0,2,0,8,0,1
PBLN_000000000117336,2026년 고령군 국내ㆍ외 단체 관광객 유치 여행사(기관) 인센티브 지원 공고,FAM-0073,경영,디자인/상품화/사업화,0,2,0,8,0,0
PBLN_000000000117337,[전남] 여수시 2026년 중소기업발전자금 지원계획 공고,FAM-0074,금융,융자,3,1,3,6,4,2
PBLN_000000000117340,[경북] 칠곡군 2026년 설대비 중소기업 운전자금(이차보전) 지원 계획 공고,FAM-0075,금융,융자,0,1,3,3,4,1
PBLN_000000000117343,2026년 울진군 단체관광객 유치여행사 인센티브 지원계획 공고,FAM-0076,경영,디자인/상품화/사업화,0,2,2,8,0,1
PBLN_000000000117350,2026년 장성군 단체관광객 유치 여행사 인센티브 운영계획 공고,FAM-0077,경영,디자인/상품화/사업화,0,2,2,8,0,1
PBLN_000000000117356,[전북] 2026년 중소기업육성자금 융자 지원계획 공고,FAM-0028,금융,융자,0,1,3,3,4,1
PBLN_000000000117357,[전북] 2026년 중소기업 온라인 플랫폼 판매지원 온라인 유통채널 연계 프로모션 참여 기업 상시 모집 공고,FAM-0078,내수,온라인,2,2,2,5,1,0
PBLN_000000000117358,[경기] 김포시 2026년 우수제품 판매전 E-커머스 입점기업 모집 공고,FAM-0079,내수,온라인,2,2,2,5,1,0
PBLN_000000000117365,[전남] 강진군 2026년 소상공인 창업 임대료 지원사업 모집 공고,FAM-0080,창업,창업공간지원,0,2,2,6,4,1
PBLN_000000000117367,[전남] 강진군 밀키트 판매업소 장비 지원사업장 모집 공고,FAM-0081,경영,디자인/상품화/사업화,2,2,2,12,1,0
PBLN_000000000117368,[전남] 강진군 밀키트 판매업소 포장재 지원사업장 모집 공고,FAM-0082,경영,디자인/상품화/사업화,2,2,2,12,1,0
PBLN_000000000117371,[광주] 인공지능 유치기업 보조금 지원사업 모집 공고,FAM-0083,경영,디자인/상품화/사업화,0,2,2,9,2,3
PBLN_000000000117433,[부산] 2026년 가명정보활용지원센터 컨설팅 지원사업 모집 공고,FAM-0084,경영,컨설팅,7,2,2,9,2,0
PBLN_000000000117474,2026년 군산시 국내ㆍ외 단체관광객 유치 여행사 인센티브 지원사업 공고,FAM-0085,경영,디자인/상품화/사업화,0,2,2,8,0,0
PBLN_000000000117481,전북바이오융합교육센터 재직자 교육 훈련생ㆍ기업 모집 공고(국가인적자원개발컨소시엄),FAM-0086,경영,교육,0,2,2,9,2,3
PBLN_000000000117490,[전북] 남원시 2026년 중소기업육성기금 지원계획 공고,FAM-0087,금융,융자,5,1,3,3,4,2
PBLN_000000000117491,2026년 완주군 단체관광객 유치 인센티브 지원사업 공고,FAM-0088,경영,디자인/상품화/사업화,0,2,0,8,0,0
PBLN_000000000117495,[전북] 무주군 2026년 소상공인 특례보증 및 이차보전금 지원 사업 공고,FAM-0089,금융,융자,3,1,0,6,1,2
PBLN_000000000117498,[충남]  공주시 2026년 소상공인 특례보증 지원계획 공고,FAM-0090,금융,보증,3,2,2,6,4,1
PBLN_000000000117505,2026년 남원시 국내외 관광객 유치  인센티브 지원 사업 공고,FAM-0091,경영,디자인/상품화/사업화,0,2,2,8,0,0
PBLN_000000000117510,[전북] 진안군 2026년 상공업 육성자금 대출 지원사업 공고,FAM-0092,금융,융자,0,1,0,4,4,1
PBLN_000000000117511,[전북] 진안군 2026년 소상공인 지원사업(환경개선) 공고,FAM-0093,경영,시설/입지지원,0,2,1,6,4,1
PBLN_000000000117518,[충남] 보령시 2026년 중소기업제품 국내ㆍ외 박람회(전시회) 참가업체 모집 공고,FAM-0094,내수,오프라인,0,2,2,4,4,1
PBLN_000000000117523,2026년 공주시 단체관광객 유치 여행사 인센티브 지원사업 공고,FAM-0095,경영,디자인/상품화/사업화,0,2,0,8,0,1
PBLN_000000000117526,[경남] 2026년 소상공인 정책자금 운용계획 공고,FAM-0096,금융,융자,0,2,2,3,4,1
PBLN_000000000117528,[서울] 2026년 중소기업육성기금 사회적경제계정 사회적경제기업 융자지원 계획 공고,FAM-0097,금융,융자,3,1,3,10,4,2
PBLN_000000000117534,[충남] 태안군 2026년 소상공인 특례보증 신청 공고,FAM-0098,금융,보증,0,2,2,6,4,1
PBLN_000000000117535,[충북] 청주시 2026년 중소기업육성자금 융자(이차보전) 지원계획 공고,FAM-0099,금융,융자,5,1,3,3,4,2
PBLN_000000000117549,2026년 중소기업 동반성장 네트워크론 지원계획 공고,FAM-0100,금융,융자,0,1,3,3,4,2
PBLN_000000000117554,[충북] 괴산군 2026년 중소기업육성자금 이차보전금 지원 선정계획 공고,FAM-0101,금융,융자,5,1,0,3,4,2
PBLN_000000000117559,2026년 단양군 단체관광객 유치 인센티브 지원계획 공고,FAM-0102,경영,디자인/상품화/사업화,0,2,2,8,0,0
PBLN_000000000117563,2026년 중소기업 매출채권팩토링 지원계획 공고,FAM-0103,금융,융자,0,1,3,3,4,2
PBLN_000000000117569,2026년 전주시 숙박관광객 유치 인센티브 지급 계획 공고,FAM-0104,경영,디자인/상품화/사업화,0,2,0,8,0,0
PBLN_000000000117575,2026년 괴산군 단체관광객 유치 여행사 인센티브 지원계획 공고,FAM-0105,경영,디자인/상품화/사업화,0,2,2,8,0,1
PBLN_000000000117576,[충북] 괴산군 2026년 저신용 소상공인 대출이자 지원사업 공고,FAM-0106,금융,융자,3,1,0,6,4,2
PBLN_000000000117579,[충북] 단양군 2026년 소상공인 융자금 이차보전 지원사업 공고,FAM-0107,금융,융자,3,1,0,6,1,2
PBLN_000000000117582,[강원] 춘천시 2026년 중소기업 신용보증수수료 지원 사업 공고,FAM-0108,금융,보증,0,2,2,3,3,1
PBLN_000000000117583,[강원] 춘천시 2026년 창업지원자금(중소기업동행지원) 지원계획 공고,FAM-0109,금융,보증,3,1,3,3,4,1
PBLN_000000000117588,[강원] 춘천시 2026년 중소기업 특례보증 지원계획 공고,FAM-0110,금융,보증,0,2,0,6,3,1
PBLN_000000000117592,[강원] 원주시 2026년 상반기 중소기업육성자금 지원 계획 공고,FAM-0111,금융,융자,5,1,3,3,3,1
PBLN_000000000117597,[강원] 태백시 2026년 소상공인 특례보증ㆍ이차보전 지원 계획 공고,FAM-0112,금융,보증,3,1,3,6,3,2
PBLN_000000000117599,2026년 미국 현지 변호사 및 관세사와 1:1 온라인 상담 지원 공고,FAM-0113,경영,컨설팅,7,2,2,14,2,0
PBLN_000000000117600,[강원] 태백시 2026년 중소기업육성자금 지원 사업 공고,FAM-0114,금융,융자,5,1,0,3,3,1
PBLN_000000000117601,[전북] 2026년 중소기업종합지원시스템 전문가 컨설팅 참여 기업 상시 모집 공고,FAM-0115,경영,컨설팅,7,2,2,9,2,0
PBLN_000000000117602,[강원] 춘천시 2026년 중소기업육성자금 지원계획 공고,FAM-0116,금융,융자,3,1,3,3,3,2
PBLN_000000000117603,[강원] 원주시 2026년 창업기업자금 동행지원 계획 공고,FAM-0117,금융,융자,3,1,3,3,3,1
PBLN_000000000117604,2026년 원주시 단체관광객 유치 여행사 인센티브 지원 공고,FAM-0118,경영,디자인/상품화/사업화,0,2,2,8,0,0
PBLN_000000000117606,2026년 강릉시 단체관광객 유치 인센티브 지원계획 공고,FAM-0119,경영,디자인/상품화/사업화,0,2,2,8,0,1
PBLN_000000000117611,[인천] 지역 중소기업 금융지원 강화를 위한 금융기관(NH농협은행) 협업 특별 경영안정자금 추가 지원 공고,FAM-0120,금융,융자,5,1,3,3,4,2
PBLN_000000000117620,2026년 삼척시 단체관광객 유치 여행사 인센티브 지원계획 공고,FAM-0121,경영,디자인/상품화/사업화,0,2,2,8,0,0
PBLN_000000000117621,[강원] 속초시 2026년 소상공인 특례보증 수수료 지원 사업 공고,FAM-0122,금융,보증,3,2,0,6,3,1
PBLN_000000000117624,[강원] 속초시 2026년 소상공인 특례보증 지원 계획 공고,FAM-0123,금융,보증,3,1,0,6,3,2
PBLN_000000000117626,[강원] 속초시 2026년 중소기업육성자금 이차보전금 지원 계획 공고,FAM-0124,금융,융자,3,1,0,3,3,2
PBLN_000000000117630,[강원] 횡성군 2026년 인구감소지역 중소기업 특례보증 기업지원 공고,FAM-0125,금융,융자,5,1,3,3,3,2
PBLN_000000000117631,2026년 정선군 단체관광객 유치 여행사 인센티브 지원 계획 공고,FAM-0126,경영,디자인/상품화/사업화,0,2,2,8,0,0
PBLN_000000000117632,[강원] 평창군 2026년 중소기업 육성자금 이차보전사업 지원계획 공고,FAM-0127,금융,융자,5,1,3,3,3,1
PBLN_000000000117634,[강원] 횡성군 2026년 중소기업육성자금 이차보전 지원 공고,FAM-0128,금융,융자,5,1,3,2,3,2
PBLN_000000000117643,2026년 예산군 로케이션 인센티브 제작지원 사업 공고,FAM-0129,경영,디자인/상품화/사업화,0,2,0,14,4,0
PBLN_000000000117644,[강원] 화천군 2026년 중소기업 및 소상공인 육성자금 융자추천 및 이차보전 지원계획 공고,FAM-0130,금융,융자,5,1,3,3,3,1
PBLN_000000000117646,[강원] 철원군 2026년 중소기업육성융자금 이차보전금 지원계획 공고,FAM-0131,금융,융자,5,1,3,3,3,1
PBLN_000000000117648,2026년 화천군 국내ㆍ외 단체 관광객 인센티브 지원계획 공고,FAM-0132,경영,디자인/상품화/사업화,0,2,0,8,0,0
PBLN_000000000117650,2026년 양구군 단체관광객 유치 인센티브 지원 계획 공고,FAM-0133,내수,오프라인,0,2,0,8,0,0
PBLN_000000000117654,[강원] 2026년 중소ㆍ벤처기업 투자이음 강화 프로그램 참여기업 연중 상시접수 공고(강원 벤처투자 생태계 조성사업),FAM-0134,경영,디자인/상품화/사업화,7,2,2,1,3,0
PBLN_000000000117656,[강원] 양양군 2026년 중소기업육성자금 지원계획 공고,FAM-0135,금융,융자,5,1,0,3,3,2
PBLN_000000000117667,[인천] 부평구 2026년 중소기업(소상공인) 운전자금(이차보전금) 융자계획 공고,FAM-0136,금융,융자,5,1,0,3,4,2
PBLN_000000000117676,2026년 희망리턴패키지 원스톱폐업지원 소상공인 모집 공고,FAM-0137,경영,시설/입지지원,7,2,3,9,2,3
PBLN_000000000117696,2026년 동반성장몰 지원사업 공고,FAM-0138,내수,온라인,7,2,2,5,1,0
PBLN_000000000117697,2026년 동반성장몰(K전략품목ㆍ시범구매ㆍ상생협력 한정) 지원사업 공고,FAM-0139,내수,홍보지원,6,2,2,5,1,0
PBLN_000000000117698,[대구ㆍ경북ㆍ전북] 2026년 지역상생협력관 지역 상품 발굴 코칭ㆍ상담 사업 공고,FAM-0140,내수,온라인,7,2,2,2,1,0
PBLN_000000000117708,[경기] 여주시 2026년 국내ㆍ외 박람회 및 전시회 참가(개최) 지원사업 공고,FAM-0141,내수,오프라인,6,2,0,14,3,0
PBLN_000000000117711,[경기] 포천시 2026년 중소기업 육성자금 융자지원 (이자차액 보전) 계획 공고,FAM-0142,금융,융자,5,1,3,3,4,2
PBLN_000000000117728,[경기] 화성시 2026년 중소기업 특례보증 지원계획 공고,FAM-0143,금융,융자,0,2,3,6,4,1
PBLN_000000000117730,[경기] 김포시 2026년 음식점 위생등급 지정업소 종합청소비 지원사업 참여업소 모집 공고,FAM-0144,경영,컨설팅,0,2,0,4,3,1
PBLN_000000000117739,2026년 상반기 기술창업 자금지원(융자)사업 공고,FAM-0145,금융,융자,0,1,3,3,4,2
PBLN_000000000117751,[충남] 2026년 중소기업육성자금 융자 지원계획 공고,FAM-0028,금융,융자,5,1,3,3,4,2
PBLN_000000000117768,[울산] 2026년 식품진흥기금 융자사업 시행 공고,FAM-0146,금융,융자,5,1,3,4,4,1
PBLN_000000000117770,2026년 전라남도 외래관광객 유치 여행사 대상 인센티브 지원 공고,FAM-0147,경영,디자인/상품화/사업화,0,2,2,8,0,0
PBLN_000000000117791,[인천] 2026년 희망인천 특례보증 1단계 공고,FAM-0148,금융,보증,3,1,2,6,4,1
PBLN_000000000117792,[대전] 2026년 상반기 중소기업 창업 및 경쟁력강화사업자금 지원 공고,FAM-0149,금융,융자,5,1,3,3,3,2
PBLN_000000000117805,[제주] 제주시 2026년 1인 소상공인 출산급여 지원 사업 공고,FAM-0150,경영,시설/입지지원,0,2,2,10,3,1
PBLN_000000000117809,[대전] 2026년 상반기 중소기업 경영안정자금 지원 공고,FAM-0151,금융,융자,3,1,3,3,4,2
PBLN_000000000117810,[대전] 2026년 상반기 중소기업 구매조건 생산지원자금 지원 공고,FAM-0152,금융,융자,0,1,3,14,4,2
PBLN_000000000117811,[경남] 암모니아 혼소 연료추진시스템 선박 규제자유특구 기업지원기업 모집 공고,FAM-0153,경영,디자인/상품화/사업화,6,2,1,12,3,0
PBLN_000000000117833,2026년 1차 국가신약개발사업단 CDMO 사전상담 프로그램 모집 공고,FAM-0154,경영,컨설팅,7,2,2,4,2,0
PBLN_000000000117889,[제주] 2026년 소상공인 고용보험료 지원 사업 공고,FAM-0155,경영,디자인/상품화/사업화,2,2,2,4,3,0
PBLN_000000000117893,대구광역시 내국인 단체 관광객 유치 인센티브 지원 공고,FAM-0156,경영,디자인/상품화/사업화,0,2,2,8,3,1
PBLN_000000000117906,[경남] 중소기업 밀집지역 금융지원 신청 공고,FAM-0157,금융,융자,0,1,3,10,4,1
PBLN_000000000117908,소상공인 경영안정 바우처 지원사업 시행 공고,FAM-0158,경영,디자인/상품화/사업화,0,2,2,4,3,1
PBLN_000000000117918,[경기] 안양시 2026년 소상공인 이자차액 보전금 지원계획 공고,FAM-0159,금융,융자,3,1,3,6,4,2
PBLN_000000000117920,[경기] 안양시 2026년 소상공인 육성 특례보증 지원계획 공고,FAM-0160,금융,보증,3,2,0,6,3,1
PBLN_000000000117928,2026년 중소기업 마케팅지원사업 통합 공고,FAM-0161,내수,홍보지원,6,2,2,5,1,0
PBLN_000000000117935,[제주] 2026년 식품진흥기금 융자지원 계획 공고,FAM-0146,금융,융자,5,1,3,4,3,2
PBLN_000000000117939,[제주] 2026년 국내ㆍ외 관광객 유치 환영행사 지원 공고,FAM-0162,경영,디자인/상품화/사업화,0,2,2,8,0,0
PBLN_000000000117943,[경남] 창원시 2026년 창원기업지원단 현장애로컨설팅 지원사업 공고(단기컨설팅),FAM-0163,경영,컨설팅,7,2,1,14,1,0
PBLN_000000000117945,[경기] 수원시 2026년 중소기업 특례보증 지원계획 공고,FAM-0164,금융,보증,0,2,3,6,3,1
PBLN_000000000117948,[광주] 서구 2026년 소상공인 카드수수료 지원 사업 공고,FAM-0165,경영,디자인/상품화/사업화,0,2,2,0,4,1
PBLN_000000000117950,[인천] 중구 2026년 소상공인 (특례)협약보증 지원 사업 공고,FAM-0166,금융,융자,3,1,3,6,3,2
PBLN_000000000117958,2026년 세종특별자치시 단체관광객 유치 여행사 인센티브 지원사업 계획 공고,FAM-0167,경영,디자인/상품화/사업화,0,2,2,8,0,0
PBLN_000000000117964,[경기] 수원시 2026년 소상공인 특례보증 및 수수료 지원 계획 공고,FAM-0168,금융,보증,3,2,2,6,4,1
PBLN_000000000117965,[경기] 수원시 2026년 중소기업 동행지원 사업계획 공고,FAM-0169,금융,융자,3,1,3,2,1,1
PBLN_000000000117967,[경기] 수원시 2026년 중소기업육성자금 융자지원 계획 공고,FAM-0170,금융,융자,5,1,0,3,4,2
PBLN_000000000117971,2026년 울산 북구 단체관광객 유치 인센티브 지원 공고,FAM-0171,경영,디자인/상품화/사업화,0,2,2,8,3,1
PBLN_000000000117972,[대전] 중구 2026년 소상공인 특례보증 지원사업 공고,FAM-0172,금융,융자,3,1,0,6,3,2
PBLN_000000000117979,[인천] 중구 2026년 소상공인 특례보증 지원 사업 공고,FAM-0172,금융,융자,3,1,0,6,4,2
PBLN_000000000117984,2026년 제주창조경제혁신센터 창업-BuS 프로그램(W-JOIN) 참여기업 모집 공고,FAM-0173,창업,사업화지원,7,2,2,1,2,0
PBLN_000000000117985,2026년 방송광고비 할인지원사업 모집 공고,FAM-0174,내수,홍보지원,0,2,3,10,4,1
PBLN_000000000117995,[경기] 용인시 2026년 중소기업 특례보증 지원계획 공고,FAM-0175,금융,보증,0,2,3,3,4,1
PBLN_000000000118006,2026년 스마트공장 수준확인 사업 공고,FAM-0176,경영,시설/입지지원,0,2,1,2,2,0
PBLN_000000000118014,[경남] 2026년 농어촌진흥기금 농산물 가격안정자금 융자시행계획 공고,FAM-0177,금융,융자,0,1,2,3,4,1
PBLN_000000000118017,[인천] 2026년 중소기업육성자금 지원계획 공고,FAM-0178,금융,융자,3,1,0,3,4,2
PBLN_000000000118025,2026년 이동 생체역학 성능평가 지원사업 참가 희망 모집 공고,FAM-0179,경영,교육,0,2,2,9,2,0
PBLN_000000000118032,2026년 전북특별자치도 관광객 유치 여행사 보상금 지급 공고,FAM-0180,경영,디자인/상품화/사업화,0,2,2,8,0,0
PBLN_000000000118033,[충북] 2026년 사회적기업 육성자금 이차보전금 지원계획 공고,FAM-0181,금융,융자,5,1,3,3,4,2
PBLN_000000000118064,[대구] 달성군 2026년 소상공인 경영안정자금 지원사업 공고,FAM-0182,금융,융자,3,1,3,6,4,2
PBLN_000000000118067,[대구] 2026년 동구 소상공인 경영안정자금 지원사업 공고,FAM-0183,금융,융자,3,1,3,6,4,2
PBLN_000000000118093,[서울] 서초구 2026년 시중은행 협력자금 대출이자 지원 계획 공고,FAM-0184,금융,융자,5,1,3,3,4,2
PBLN_000000000118094,[서울] 관악구 2026년 상반기 중소기업육성기금 융자지원 계획 공고,FAM-0185,금융,융자,0,1,3,6,4,2
PBLN_000000000118098,[서울] 서초구 2026년 중소기업육성기금 융자지원 계획 공고,FAM-0186,금융,융자,5,1,3,3,4,2
PBLN_000000000118108,[서울] 은평구 2026년 소규모 자영업자 LED간판 설치 지원사업 공고,FAM-0187,경영,시설/입지지원,2,2,2,4,4,0
PBLN_000000000118122,[울산] 2026년 이전ㆍ창업기업(기술강소기업) 특별보조금 지원사업 공고,FAM-0188,경영,시설/입지지원,0,2,3,10,2,1
PBLN_000000000118129,[광주] 2026년 상반기 중점산업 창업 중소기업 육성 금융지원 공고,FAM-0189,금융,융자,0,2,3,3,4,1
PBLN_000000000118131,[광주] 2026년 상반기 일반경영안정자금 지원 공고,FAM-0190,금융,융자,5,1,3,3,4,2
PBLN_000000000118134,[광주] 2026년 중소유통업구조개선자금 지원계획 공고,FAM-0191,금융,융자,5,1,3,3,4,2
PBLN_000000000118135,[인천] 2026년 상반기 소상공인시장진흥자금 융자 계획 공고,FAM-0192,금융,융자,3,1,1,6,4,2
PBLN_000000000118182,[경기] 2026년 사회적경제조직 특례보증 및 이차보전 지원 사업 공고,FAM-0193,금융,융자,3,1,3,6,1,2
PBLN_000000000118191,[인천] 2026년 식품진흥기금 융자사업 공고,FAM-0146,금융,융자,0,1,3,4,4,2
PBLN_000000000118203,[광주] 2026년 식품진흥기금 융자지원계획 공고,FAM-0146,금융,융자,5,1,3,2,3,2
PBLN_000000000118204,2026년 여성기업 육성사업 공고,FAM-0194,경영,디자인/상품화/사업화,0,2,0,10,2,3
PBLN_000000000118207,[인천] 2026년 농어촌진흥기금 융자지원 사업계획 공고,FAM-0195,금융,융자,3,1,3,2,4,2
PBLN_000000000118210,2026년 리스크안전망 구축 지원업체 모집 공고,FAM-0196,금융,보험(수출+무역),0,2,2,14,4,0
PBLN_000000000118226, 2026년 방산 멘토링사업 참여기업 모집 공고,FAM-0197,경영,컨설팅,7,2,2,14,1,0
PBLN_000000000118229,[경기] 성남시 2026년 창업기업 상시 멘토링 참여자(멘티) 모집 공고,FAM-0198,창업,사업화지원,6,2,2,1,3,0
PBLN_000000000118285,2026년 실감콘텐츠 스튜디오 프로젝트 현물지원기업 모집 공고,FAM-0199,경영,시설/입지지원,7,2,2,2,2,0
PBLN_000000000118294,[경북] 영주시 2026년 공공배달앱 활성화 지원사업 참여업체 모집 공고(기본배달료 지원),FAM-0200,내수,오프라인,0,2,1,0,3,3
PBLN_000000000118296,[울산] 청년 사업가 네트워크 1939(일구삼구) 상시 모집 공고,FAM-0201,경영,교육,7,2,2,11,1,0
PBLN_000000000118300,[전북] 남원시 2026년 온라인 유통채널 연계 프로모션 참여 기업 상시 모집 공고(온라인 플랫폼 판매 지원),FAM-0202,내수,온라인,2,2,2,5,1,0
PBLN_000000000118301,2026년 환경기업 해외 진출 전문 컨설팅 지원사업 상시 모집 공고,FAM-0203,경영,컨설팅,7,2,2,9,2,0
PBLN_000000000118336,[경기] 광명시 2026년 중소기업 육성자금(제조업ㆍ지식산업ㆍ정보통신산업) 지원계획 공고,FAM-0204,금융,융자,3,1,0,3,4,2
PBLN_000000000118341,[경기] 광명시 2026년 중소기업 특례보증 지원계획 공고,FAM-0205,금융,보증,0,2,3,6,3,1
PBLN_000000000118345,[경기] 광명시 2026년 소규모 유통업 육성자금 지원 공고,FAM-0206,금융,융자,5,1,3,3,4,2
PBLN_000000000118350,2026년 장애인 창업 컨설팅지원 대상자 모집 공고,FAM-0207,창업,사업화지원,6,2,0,11,1,0
PBLN_000000000118358,[전북] 전주시 2026년 상반기 중소기업육성자금 지원계획 수정 공고,FAM-0208,금융,융자,0,1,3,3,4,2
PBLN_000000000118371,[강원] 2026년 1차 소상공인 경영안정자금 지원사업 공고,FAM-0209,금융,융자,3,1,0,6,3,2
PBLN_000000000118377,[전북] 2026년 식품진흥기금 융자지원 사업 공고,FAM-0210,금융,융자,5,1,3,2,1,2
PBLN_000000000118398,[서울] 2026년 위험성평가 컨설팅 사업 대상 모집 공고,FAM-0211,경영,컨설팅,7,2,2,9,3,0
PBLN_000000000118435,2026년 지역산업위기대응 이차보전 지원사업 공고,FAM-0212,금융,융자,0,1,0,2,4,2
PBLN_000000000118530,2026년 중소ㆍ중견 에너지효율 혁신 선도 프로젝트 선도기업 모집 공고,FAM-0213,경영,디자인/상품화/사업화,7,2,0,2,2,0
PBLN_000000000118546,2026년 세종테크밸리 첨단기업 유치 임차료 지원사업 희망기업(임차기업) 모집 공고,FAM-0214,경영,시설/입지지원,0,2,2,14,1,1
PBLN_000000000118556,2026년 디지털커머스 전문기관(소담스퀘어 in 광주) 모집 공고,FAM-0215,내수,홍보지원,2,0,2,5,2,0
PBLN_000000000118586,[경남] 2026년 식품진흥기금 융자금 지원계획 공고,FAM-0216,금융,융자,0,1,3,2,4,1
PBLN_000000000118625,[전남] 여수시 2026년 지역산업위기대응 맞춤형 지원사업 공고,FAM-0217,경영,디자인/상품화/사업화,0,2,2,11,2,3
PBLN_000000000118665,2026년 울산 IP(지식재산) 디딤돌 프로그램 지원사업 공고,FAM-0218,창업,예비창업자지원,4,2,2,11,2,0
PBLN_000000000118674,[경기] 2026년 규제샌드박스 지원사업 맞춤형 컨설팅 참여기업 모집 공고,FAM-0219,경영,컨설팅,7,2,2,9,1,0
PBLN_000000000118729,2026년 창업-BuS at 경북 참여기업 모집 공고,FAM-0220,창업,사업화지원,7,2,2,1,2,0
PBLN_000000000118744,[제주] 관광사업체 대상 국내 현지 방문 판촉 영업 활동 지원 사업 공고,FAM-0221,경영,시설/입지지원,6,2,2,14,3,0
PBLN_000000000118776,[제주] 2026년 도내 여행사 대상 단체 관광객 유치 지원 공고,FAM-0222,경영,시설/입지지원,0,2,2,8,3,0
PBLN_000000000118778,2026년 충주시 단체관광객 유치여행사 인센티브제 운영 수정 공고,FAM-0223,경영,디자인/상품화/사업화,0,2,0,8,0,0
PBLN_000000000118786,2026년 중소기업 K-뷰티론 정책자금 지원계획 공고,FAM-0224,금융,융자,0,1,3,2,4,2
PBLN_000000000118806,[경남] 사천시ㆍ진주시 2026년 디지털전환(DX) 컨설팅 및 인력양성 지원 사업 수요기업 모집 공고,FAM-0225,경영,컨설팅,7,2,2,9,1,0
PBLN_000000000118858,2026년 경남 수도권 투자유치 거점센터 데모데이ㆍ멘토링 데이 참기기업 모집 공고,FAM-0226,창업,사업화지원,7,2,2,1,1,0
PBLN_000000000118875,[부산] 2026년 전문연구기관 지원 참여기업 모집 공고,FAM-0227,경영,시설/입지지원,7,2,3,2,2,3
PBLN_000000000118879,[인천] 2026년 청년 창업가 육성 및 지원을 위한 청년창업 특례보증 지원사업 공고,FAM-0228,금융,보증,3,1,0,6,4,2
PBLN_000000000118880,[인천] 2026년 지역 내 소상공인 고용창출 확대를 위한 일자리 창출 특례보증 지원사업 공고,FAM-0229,금융,보증,3,1,0,6,1,2
PBLN_000000000118881,[인천] 2026년 소공인 경영안정 및 성장지원을 위한 소공인 지원 특례보증 지원사업 공고,FAM-0230,금융,보증,3,1,0,6,4,2
PBLN_000000000118891,[경기] 2026년 식품진흥기금 식품위생업소 융자사업 수정 공고,FAM-0231,경영,시설/입지지원,5,1,1,2,1,2
PBLN_000000000118906,[전남] 2026년 건설공사 하도급대금 지급 보증수수료 지원사업 공고,FAM-0232,경영,디자인/상품화/사업화,0,1,2,10,4,1
PBLN_000000000118910,2026년 지스타 경북의 저력 딥테크 부스터 프로그램 참여기업 모집 공고,FAM-0233,창업,사업화지원,4,2,2,1,2,3
PBLN_000000000118912, [경기] 화성시 2026년 동탄 소공인복합지원센터 인프라 지원사업(장비ㆍ시설) 모집공고,FAM-0234,경영,시설/입지지원,2,2,2,4,1,0
PBLN_000000000118917,[경남] 진주시 2026년 창업기업 신용보증수수료 지원사업 공고,FAM-0235,금융,보증,3,2,2,1,4,1
PBLN_000000000118943,[경기] 2026년 기술이전 창업지원사업 필요기술 발굴지원 공고,FAM-0236,창업,사업화지원,4,2,2,1,3,0
PBLN_000000000119011,[인천] 2026년 중소기업 연구조직 설립 지원사업 모집 공고,FAM-0237,경영,컨설팅,4,2,0,11,2,3
PBLN_000000000119017,[서울] 2026년 새 길 여는 폐업지원 사업 모집 공고,FAM-0238,경영,컨설팅,1,2,0,4,1,3
PBLN_000000000119026,2026년 연구실 안전관리 컨설팅 지원사업 공고,FAM-0239,경영,컨설팅,7,2,2,9,2,0
PBLN_000000000119038,[울산] 울주군 2026년 사회적경제 온라인 판로지원사업 참여기업 모집 안내 공고,FAM-0240,내수,홍보지원,2,2,0,12,1,0
PBLN_000000000119044,[인천] 청년 동행가맹점 모집 공고,FAM-0241,내수,홍보지원,6,2,2,14,1,0
PBLN_000000000119045,[강원] 2026년 소상공인 IP창출지원 상표출원 지원사업 소상공인 수혜자 모집 공고,FAM-0242,경영,디자인/상품화/사업화,0,2,2,10,3,3
PBLN_000000000119047,[충북] 2026년 충청북도기업애로지원센터 기업애로 SOS자문단 참여기업 모집 공고,FAM-0243,경영,컨설팅,0,2,2,9,1,1
PBLN_000000000119050,[경남] 진주시 우주항공청 이주직원 가족 소상공인 창업 지원사업 공고,FAM-0244,경영,시설/입지지원,2,2,2,4,3,0
PBLN_000000000119051,2026년 Startup:D 창업 BuS 참가자 사전 모집 공고(대전창조경제혁신센터),FAM-0245,창업,예비창업자지원,7,2,2,1,2,0
PBLN_000000000119052,[인천] 2026년 중소기업 환경개선자금 이자지원 계획 공고,FAM-0246,금융,융자,5,1,3,3,4,1
PBLN_000000000119095,[충남] 2026년 보증기업 위기극복 패키지 지원사업 모집 공고,FAM-0247,경영,컨설팅,0,2,2,10,2,3
PBLN_000000000119106,[강원] 2026년 강원특별자치도-현대백화점 공동 특판행사 참가기업 모집 공고,FAM-0248,내수,오프라인,2,2,2,5,3,0
PBLN_000000000119107,[전남] 2026년 IP(지식재산) 디딤돌 프로그램 (권리화 지원사업) 지원대상 모집 공고,FAM-0249,창업,사업화지원,4,2,2,11,2,0
PBLN_000000000119131,2026년 중소기업 승계자문 프로그램 공고,FAM-0250,경영,교육,7,2,2,9,2,0
PBLN_000000000119154,[경북] 2026년 블루바이오기업 연구개발 및 산업화 지원사업(마케팅지원) 변경 모집 공고,FAM-0251,내수,홍보지원,6,2,1,14,1,3
PBLN_000000000119155,[전북] 2026년 폐업 소상공인 사업정리 지원사업 공고,FAM-0252,경영,시설/입지지원,0,2,1,4,3,1
PBLN_000000000119170,2026년 강원창조경제혁신센터 창업-BuS 프로그램 강원브릿지 화요IR 참여기업 모집 공고,FAM-0253,창업,사업화지원,7,2,2,1,1,0
PBLN_000000000119181,[충북] 2026년 소부장 지원 전문가 스테이션 운영사업 기술애로 지원 모집 공고,FAM-0254,경영,컨설팅,0,2,2,9,2,3
PBLN_000000000119184,[서울] 2026년 상반기 찾아가는 회계 세무 서비스 참여기업 모집 공고,FAM-0255,경영,컨설팅,7,2,2,9,2,0
PBLN_000000000119206,[충남] 아산시 2026년 해외마케팅 지원사업 참가기업 모집 공고,FAM-0256,경영,디자인/상품화/사업화,0,2,2,14,1,1
PBLN_000000000119212,[제주] 2026년 청정임산물 생산기반 지원사업 재공고,FAM-0257,경영,시설/입지지원,0,2,2,4,3,0
PBLN_000000000119218,[제주] 2026년 중소기업육성자금 융자지원계획 변경 공고,FAM-0258,금융,융자,5,1,3,10,3,1
PBLN_000000000119239,2026년 한국산업은행 온렌딩 대출 제도 안내,FAM-0259,금융,융자,5,1,2,3,4,0
PBLN_000000000119255,[전남] 2026년 소상공인 디지털 전환 지원사업 신청ㆍ접수 공고,FAM-0260,경영,시설/입지지원,0,2,2,4,3,1
PBLN_000000000119260,[충남] 아산시 2026년 음식점 위생등급제 컨설팅 참여업소 모집 공고,FAM-0261,경영,컨설팅,7,2,2,4,2,0
PBLN_000000000119261,[경북] 칠곡군 2026년 해외지사화(해외마케팅) 및 공동물류센터 지원사업 참여기업 모집 공고,FAM-0262,경영,시설/입지지원,0,2,1,14,1,1
PBLN_000000000119274,[광주] 2026년 공동안전관리자 지원사업 참여기업 모집 공고,FAM-0263,경영,디자인/상품화/사업화,7,2,2,9,1,0
PBLN_000000000119285,[경남] 진주시 2026년 소규모 사업장 방지시설 설치 지원사업(사물인터넷(IoT) 측정기기 부착 지원) 신청 공고,FAM-0264,경영,시설/입지지원,0,2,2,4,1,1
PBLN_000000000119305,2026년 장애인기업 공공조달길잡이(컨설팅) 지원 공고,FAM-0265,경영,컨설팅,7,2,2,9,2,0
PBLN_000000000119316,2026년 일터혁신 상생컨설팅 지원사업 모집 공고,FAM-0266,경영,컨설팅,0,2,1,9,2,3
PBLN_000000000119321,[세종] 2026년 수출보증보험료 지원 사업 참가기업 모집 공고,FAM-0267,금융,보험(수출+무역),0,2,0,2,3,1
PBLN_000000000119324,2026년 농산업 수출활성화사업 맞춤형 컨설팅 참가기업 모집 공고,FAM-0268,경영,컨설팅,7,2,1,9,2,0
PBLN_000000000119332,[경기] 하남시 2026년 사회적경제기업 역량 강화 교육ㆍ컨설팅 신청기업 모집 공고,FAM-0269,경영,컨설팅,7,2,2,9,1,0
PBLN_000000000119373,[인천] 2026년 신개념 세대융합 청년창업 지원 멘티 상시모집 공고,FAM-0270,경영,교육,4,2,2,11,1,3
PBLN_000000000119375,[전남] 2026년 소상공인 IP출원(상표출원) 지원사업 소상공인 수혜자 모집 공고,FAM-0271,경영,디자인/상품화/사업화,1,2,1,7,3,0
PBLN_000000000119409,[경남] 2026 중소기업 통ㆍ번역 지원사업 참가업체 모집 공고,FAM-0272,경영,정보화지원,0,2,0,14,3,1
PBLN_000000000119420,[대전] 2026년 수출보증보험료 지원사업 참가기업 모집 공고,FAM-0273,금융,보증,0,2,0,14,3,1
PBLN_000000000119434,2026년 (예비)사회적기업 이차보전 지원계획 공고,FAM-0274,금융,융자,3,1,3,3,4,2
PBLN_000000000119481,[경남] 진주시 2026년 중소기업 개별 수출보험료 지원사업 공고,FAM-0275,금융,보험(수출+무역),0,2,2,14,3,0
PBLN_000000000119499,2026년 방사선 기술 IP보증연계 지식재산평가 지원사업 공고,FAM-0276,금융,보증,0,2,3,4,2,1
PBLN_000000000119515,2026년 M&A 활성화 지원사업 공고,FAM-0277,경영,컨설팅,0,2,0,4,2,3
PBLN_000000000119523,[대전] 2026년 중동사태로 인한 수출 피해 기업 대상 중소기업 긴급경영안정자금 지원 공고,FAM-0278,금융,융자,0,1,3,3,4,2
PBLN_000000000119567,2026년 농식품 크라우드펀딩 지원사업 공고,FAM-0279,창업,사업화지원,7,2,2,10,1,0
PBLN_000000000119572,[경남] 김해시 2026년 김해온몰 입점기업 모집 공고,FAM-0280,내수,온라인,2,2,2,10,1,0
PBLN_000000000119636,[세종] 2026년 중소기업육성자금 지원계획 변경 공고,FAM-0281,금융,융자,5,1,3,3,4,2
PBLN_000000000119668,[전남] 목포시 2026년 골목형상점가 모집 공고,FAM-0282,내수,오프라인,0,2,0,4,1,0
PBLN_000000000119677,2026년 일터혁신상생컨설팅 참여기업 모집 공고,FAM-0283,경영,컨설팅,7,2,2,9,3,0
PBLN_000000000119693,[경기] 2026년 중소기업 R&D 기획ㆍ컨설팅 사업 모집 공고,FAM-0284,경영,컨설팅,0,2,2,11,1,3
PBLN_000000000119727,[부산] 2026년 중소기업 빅데이터 분석 활용 지원사업 참가기업 모집 공고,FAM-0285,경영,컨설팅,7,2,2,2,3,0
PBLN_000000000119738,[경기] 용인시 2026년 IP지원센터 운영 IP 컨설팅 통합 공고,FAM-0286,경영,컨설팅,0,2,1,2,2,3
PBLN_000000000119739,2026년 소상공인 온라인판로 지원사업 참여기업 모집공고,FAM-0287,내수,홍보지원,2,2,2,5,2,0
PBLN_000000000119754,2026년 팁스(TIPS) 창업기업 지원계획 수정 공고,FAM-0288,창업,사업화지원,6,2,1,1,2,3
PBLN_000000000119762,2026년 일터혁신 상생컨설팅 지원사업 기업 모집 공고,FAM-0289,경영,교육,7,2,1,2,2,0
PBLN_000000000119777,2026년 전통문화 크라우드 펀딩 연계 지원 사업 참여기업 모집 공고,FAM-0290,경영,디자인/상품화/사업화,6,2,2,12,1,3
PBLN_000000000119791,[경기] 부천시 2026년 공공배달앱  배달특급 개별 가맹점 홍보물 제작 지원 공고,FAM-0291,내수,홍보지원,0,2,0,14,3,1
PBLN_000000000119801,2026년 소상공인(개인사업자) 비즈플러스카드 지원사업 시행 공고,FAM-0292,금융,보증,0,2,0,2,4,1
PBLN_000000000119802,2026년 소상공인(법인사업자) 비즈플러스카드 지원사업 시행 공고,FAM-0293,금융,보증,0,2,0,2,4,1
PBLN_000000000119817,2026년 광주 창업BuS 프로그램 창업기업 모집 공고,FAM-0294,창업,사업화지원,0,2,2,1,2,3
PBLN_000000000119822,[경북] 구미시 2026년 시제품제작센터 수혜기업 모집 공고,FAM-0295,경영,디자인/상품화/사업화,0,2,2,12,1,1
PBLN_000000000119825,[광주] 북구 2026년 온라인쇼핑몰(북소e몰) 입점 소상공인 모집 공고,FAM-0296,내수,온라인,2,2,2,5,1,0
PBLN_000000000119834,[광주] 2026년 벤처기업육성자금 지원계획 공고,FAM-0297,금융,융자,3,1,3,3,4,2
PBLN_000000000119836,[광주] 2026년 상반기 구조고도화자금 지원 계획 공고,FAM-0298,금융,융자,5,1,3,3,4,2
PBLN_000000000119851,[경북] 안동시 2026년 로케이션 제작지원 사업 공고,FAM-0299,경영,디자인/상품화/사업화,0,2,1,14,3,1
PBLN_000000000119852,[경북] 2026년 로케이션 제작지원 사업 공고,FAM-0300,경영,디자인/상품화/사업화,0,2,1,14,1,1
PBLN_000000000119891,[대구] 2026년 식품제조업소 식품박람회 참가 지원 사업 참여업소 모집 공고,FAM-0301,내수,오프라인,0,2,2,4,1,1
PBLN_000000000119892,[대구] 2026년 중소기업경영안정자금  지원계획 변경 공고(이자지원),FAM-0302,금융,융자,0,1,3,3,4,1
PBLN_000000000119893,[경남] 2026년 소상공인 온라인입점(e경남몰) 지원사업 참여 소상공인 모집 공고,FAM-0303,내수,온라인,2,2,2,5,1,3
PBLN_000000000119946,[울산] 2026년 지역관광기업 컨설팅 운영 사업 컨설팅 프로그램 운영  참여기업 모집 공고,FAM-0304,경영,디자인/상품화/사업화,7,2,2,2,0,0
PBLN_000000000119978,[경북] 2026년 OK FTA 컨설팅 지원사업 모집 공고(경북FTA통상진흥센터),FAM-0305,경영,컨설팅,7,2,0,9,2,0
PBLN_000000000119981,[전북] 2026년 새출발 재기지원 (휴ㆍ폐업 사업주형) 재기 지원(사업정리비 및 교육비) 모집 공고,FAM-0306,경영,디자인/상품화/사업화,0,2,2,9,4,3
PBLN_000000000119988,[충남] 2026년 비즈콜센터 컨설팅 지원사업 참여기업 모집 공고,FAM-0307,경영,컨설팅,7,2,0,9,1,0
PBLN_000000000119999,2026년 인천창조경제혁신센터 창업-BuS 프로그램 참여기업 모집 공고,FAM-0308,창업,사업화지원,7,2,1,1,2,0
PBLN_000000000120006,[서울] 2026년 노동환경개선컨설팅 사업 대상 모집 공고,FAM-0309,경영,컨설팅,0,2,0,2,1,3
PBLN_000000000120009,[광주] 2026년 가족친화경영 컨설팅 참여 기업(관) 모집 공고(가족친화인증 지원 및 가족친화경영문화 확산),FAM-0310,경영,컨설팅,7,2,0,9,1,0
PBLN_000000000120010,2026년 식품안심업소 기술지원 사업 참여 업소 모집 공고,FAM-0311,경영,컨설팅,2,0,0,4,1,0
PBLN_000000000120023,[경남] 2026년 소상공인 정책자금 운용계획 변경 공고,FAM-0312,금융,융자,0,2,3,6,4,2
PBLN_000000000120031,[경기] 안산시 2026년 청년큐브 1:1 창업멘토링 지원 참여기업 모집 공고(청년창업인큐베이팅사업),FAM-0313,창업,창업정보제공,0,2,2,11,2,3
PBLN_000000000120054,[대전] 2026년 중소유통업 시설투자 및 운전자금 융자지원계획 공고,FAM-0314,금융,융자,0,1,2,3,1,0
PBLN_000000000120056,2026년 1차 고양시 영상기업 활용 인센티브 사업 공고 ,FAM-0315,경영,디자인/상품화/사업화,7,2,0,14,3,0
PBLN_000000000120058,2026년 일터혁신 상생컨설팅 지원사업 기업 모집 공고,FAM-0289,경영,컨설팅,7,2,2,2,1,0
PBLN_000000000120062,[충북] 2026년 긴급 운전자금 융자(이차보전) 지원계획 공고,FAM-0316,금융,융자,5,1,0,3,4,2
PBLN_000000000120063,2026년 올해의 K-스타트업(舊. 도전! K-스타트업) 부처 통합 창업경진대회 공고,FAM-0317,창업,사업화지원,1,2,0,10,1,3
PBLN_000000000120091,[부산] 2026년 서비스융복합연구센터 데이터 기반 융복합 서비스 개발 컨설팅 지원 공고,FAM-0318,경영,컨설팅,7,2,2,13,2,0
PBLN_000000000120102,[전북] 2026년 중동분쟁 대응 수출입기업 긴급 경영안정자금 지원계획 변경 공고,FAM-0319,금융,융자,5,1,1,3,4,2
PBLN_000000000120107,[전북] 2026년 중소기업종합지원시스템 컨설팅 참여 기업 모집 공고,FAM-0320,경영,컨설팅,7,2,2,9,2,0
PBLN_000000000120117,2026년 소상공인 투자연계 지원사업 립스(LIPS) 프로그램 소상공인 모집 공고,FAM-0321,금융,펀드/투자,0,2,2,10,4,1
PBLN_000000000120134,[광주] 2026년 평동산업단지 중소기업 보증료 지원사업 공고,FAM-0322,경영,시설/입지지원,0,2,1,10,3,1
PBLN_000000000120135,[광주] 2026년 하남산업단지 중소기업 보증료 지원사업 공고,FAM-0323,경영,시설/입지지원,0,2,1,10,4,1
PBLN_000000000120136,[대구] 북구 2026년 상반기 소상공인 경영안정자금 지원사업 공고,FAM-0324,금융,융자,5,1,0,6,3,2
PBLN_000000000120138,[인천] 중동 수출 중소기업 긴급 경영안정자금 지원 공고,FAM-0325,금융,융자,5,1,3,3,4,2
PBLN_000000000120158,[경기] 양주시 2026년 중소기업 및 소상공인 운전자금 이차보전 지원 공고,FAM-0326,금융,융자,5,1,0,3,4,2
PBLN_000000000120159,[대구] 2026년 찾아가는 노무서비스 지원(방문) 공고,FAM-0327,경영,컨설팅,7,2,0,9,1,0
PBLN_000000000120162,[대전ㆍ충청ㆍ세종] 2026년 중소기업 AI훈련확산센터 참여기업 모집 공고,FAM-0328,경영,교육,7,2,2,9,2,3
PBLN_000000000120164,2026년 중소기업제품 전용판매장(면세장) 참여기업 모집 공고,FAM-0329,내수,오프라인,6,0,1,5,1,3
PBLN_000000000120170,2026년 중소기업 기술분쟁 소송보험 지원사업 공고,FAM-0330,금융,보험(수출+무역),0,2,1,2,4,3
PBLN_000000000120174,2026년 우리동네 크라우드펀딩 지원사업 크라우드펀딩 참여 소상공인 모집 공고,FAM-0331,금융,펀드/투자,0,2,3,2,4,2
PBLN_000000000120177,[경기] 2026년 중소기업육성자금 융자지원계획 변경 공고(경기도-IBK기업은행 협약),FAM-0332,금융,융자,3,1,3,3,4,2
PBLN_000000000120215,2026년 산업ㆍ일자리전환 컨설팅 참여기업 모집 공고,FAM-0333,경영,컨설팅,7,2,2,9,2,0
PBLN_000000000120233,[전남] 2026년 중소기업 수출보험료 지원사업 신청 안내 변경 공고,FAM-0334,금융,보험(수출+무역),0,2,2,14,4,1
PBLN_000000000120234,[광주] 2026년 청년창업특례보증 지원계획 공고,FAM-0335,금융,융자,3,1,3,2,3,2
PBLN_000000000120241,[인천] 2026년 2단계 희망 소상공인 경영안정자금 지원 사업 공고,FAM-0336,금융,융자,3,1,0,2,4,2
PBLN_000000000120250,[광주] 2026년 가족친화인증 지원 및 가족친화경영문화 확산을 위한 가족친화경영 컨설팅 참여 기업(관) 모집 공고,FAM-0310,경영,컨설팅,7,2,0,9,1,0
PBLN_000000000120252,[경기] 2026년 1차 중소기업육성자금 융자지원계획 변경 공고,FAM-0258,금융,융자,0,1,3,10,4,2
PBLN_000000000120254,[경기] 화성시 2026년 청년 창업 컨설팅 지원 사업 참여자 모집 공고,FAM-0337,창업,예비창업자지원,7,2,0,11,2,0
PBLN_000000000120268,[강원] 원주시 2026년 소상공인 경영안정자금 지원 사업 변경 공고,FAM-0338,금융,융자,3,1,3,3,3,2
PBLN_000000000120282,2026년 장애인기업 공공판로(공공입찰ㆍMASㆍ이음장터ㆍ벤처나라ㆍ혁신장터) 컨설팅 지원사업 모집 공고,FAM-0339,경영,컨설팅,7,2,2,9,2,0
PBLN_000000000120324,[전남] 2026년 소상공인 육성자금지원계획 변경 공고,FAM-0340,금융,융자,0,2,3,10,3,1
PBLN_000000000120329,[전남] 2026년 직장문화개선 컨설팅 참여 기업 모집 공고,FAM-0341,경영,컨설팅,7,2,2,9,2,0
PBLN_000000000120334,2026년 퍼스널케어 융합 얼라이언스 육성사업 상품경쟁력 강화 지원 사업 통합 공고,FAM-0342,경영,디자인/상품화/사업화,1,2,1,12,2,3
PBLN_000000000120342,2026년 기업승계 M&A 활성화를 위한 컨설팅 지원사업 시행계획 공고,FAM-0343,경영,컨설팅,0,2,2,10,2,3
PBLN_000000000120355,2026년 3차 미래환경산업육성융자(오염방지시설자금) 지원사업 공고,FAM-0344,금융,융자,5,1,1,4,4,2
PBLN_000000000120377,[전북] 2026년 상반기 중소기업 밀집지역 위기대응 체계 구축사업 Stand-up 맞춤지원 모집 공고,FAM-0345,경영,디자인/상품화/사업화,1,2,1,11,2,3
PBLN_000000000120406,2026년 TIPS 연계 민간투자 성과확산 인센티브 지원사업 모집 공고,FAM-0346,경영,디자인/상품화/사업화,0,2,0,2,2,3
PBLN_000000000120414,[세종] 2026년 기술닥터제 지원사업 참여기업 모집 공고,FAM-0347,경영,컨설팅,7,2,2,2,1,0
PBLN_000000000120418,[경남] 김해시 2026년 창업기업 마케팅 역량강화 지원사업 디자인 멘토링 및 어워드 출품료 수혜기업 모집 공고,FAM-0348,경영,디자인/상품화/사업화,7,2,2,12,1,0
PBLN_000000000120422,[경남] 2026년 중소기업육성자금 특별자금(이란사태 피해 관련) 지원계획 수정 공고,FAM-0349,금융,융자,0,2,3,3,4,1
PBLN_000000000120427,[광주] 2026년 상반기 중소기업 밀집지역 위기대응 체계 구축사업 Stand-up 맞춤지원 모집 공고,FAM-0345,경영,디자인/상품화/사업화,7,2,1,11,2,3
PBLN_000000000120444,2026년 체육인 직업안정 사업(창업지원) 참여자 모집 공고,FAM-0350,창업,예비창업자지원,0,2,2,9,2,3
PBLN_000000000120474,2026년 판판셀러 지원사업 온라인쇼핑몰 통합관리시스템 모집 공고,FAM-0351,내수,온라인,2,2,2,5,2,0
PBLN_000000000120481,[경기] 김포시 2026년 중소기업 육성자금 지원계획 공고,FAM-0352,금융,융자,5,1,3,3,4,2
PBLN_000000000120482,2026년 조달청 벤처나라 추천 지원사업 모집공고(한국농업기술진흥원),FAM-0353,창업,사업화지원,7,2,2,1,1,0
PBLN_000000000120506,[대전] 소상공인ㆍ자영업자 재기지원사업(컨설팅ㆍ경영개선) 참여자 모집 공고(새출발기금 협업),FAM-0354,경영,컨설팅,0,2,0,10,1,3
PBLN_000000000120512,[울산] 2026년 1차 통상변화 대응 중소기업 육성자금 지원계획 변경 공고,FAM-0355,금융,융자,3,1,1,10,4,2
PBLN_000000000120516,[부산] 2026년 지산학 브랜치 기업 현장솔루션 랩(lab) 참여 기업 모집 공고,FAM-0356,경영,컨설팅,7,2,2,9,2,0
PBLN_000000000120555,[강원] 2026년 상반기 중소기업 밀집지역 위기대응 체계 구축사업 Stand-up 맞춤지원 모집 공고,FAM-0345,경영,디자인/상품화/사업화,1,2,1,11,3,3
PBLN_000000000120556,[충북] 2026년 2분기 청년 소상공인 창업응원금 지원 참여자 모집 공고,FAM-0357,창업,사업화지원,6,2,0,10,1,3
PBLN_000000000120562,2026년 지식재산경영인증 멘토링 신청 공고,FAM-0358,경영,컨설팅,7,2,2,9,2,0
PBLN_000000000120570,[인천] 2026년 상반기 경영안정자금 이차보전 지원 추가접수 공고(중소기업 육성자금 지원 사업),FAM-0359,금융,융자,0,1,3,3,3,1
PBLN_000000000120573,[경기] 하남시 2026년 우수공예품 개발 지원계획 공고,FAM-0360,경영,디자인/상품화/사업화,0,1,2,12,1,1
PBLN_000000000120584,[대구ㆍ경북ㆍ울산ㆍ경남] 2026년 장애인기업육성사업 통합 공고,FAM-0361,창업,사업화지원,7,2,2,11,2,0
PBLN_000000000120591,조선ㆍ해양 배관 및 시운전 장비 공동활용 지원 사업 모집 공고(선박해양플랜트연구소 해양플랜트산업지원센터 구축 장비 공동 활용 사업) ,FAM-0362,경영,디자인/상품화/사업화,6,2,0,2,2,0
PBLN_000000000120603,2026년 에너지이용합리화자금 융자사업 공고,FAM-0363,금융,융자,0,2,3,10,4,1
PBLN_000000000120604,[경북] 구미시 2026년 중소기업 신용보증수수료 지원사업 공고,FAM-0364,금융,융자,0,2,2,10,4,1
PBLN_000000000120608,[경기] 김포시 2026년 사회적경제기업 역량강화 컨설팅 지원사업 참여기업 모집 공고,FAM-0365,경영,컨설팅,6,2,1,9,1,0
PBLN_000000000120618,[충북] 충주시 2026년 중소기업육성기금 지원계획 변경 공고,FAM-0366,금융,융자,5,1,3,3,4,2
PBLN_000000000120620,2026년 소프트웨어 지식재산권(IP) 평가보증 지원사업 공고,FAM-0367,금융,보증,0,2,0,10,2,1
PBLN_000000000120635,[대구] 2026년 마을기업 수요 맞춤형 성장  지원사업 모집 공고,FAM-0368,경영,디자인/상품화/사업화,6,2,1,12,1,0
PBLN_000000000120639,2026년 소상공인 불공정거래 피해구제 지원 시행 공고,FAM-0369,경영,컨설팅,0,2,1,6,0,1
PBLN_000000000120681,[전남] 2026년 IP(지식재산) 디딤돌 프로그램 후속지원사업 지원대상 모집 공고,FAM-0370,창업,사업화지원,0,2,2,12,2,0
PBLN_000000000120684,[세종] 2026년 식품진흥기금 융자사업 시행 공고,FAM-0146,금융,융자,3,1,0,2,1,2
PBLN_000000000120707,2026년 구미시 스타트업 제작센터 참여기업 모집 공고,FAM-0371,창업,사업화지원,4,2,1,1,1,0
PBLN_000000000120715,[광주] 2026년 중동사태 대응을 위한 소상공인 특례보증 지원사업 공고,FAM-0372,금융,보증,3,1,2,6,4,1
PBLN_000000000120716,2026년 환경신기술 개발 및 보급촉진 업무유공 포상 공고,FAM-0373,내수,오프라인,0,2,3,11,4,3
PBLN_000000000120780,2026년 통상변화대응지원사업 참여기업 모집 공고,FAM-0374,경영,컨설팅,3,1,0,9,4,2
PBLN_000000000120786,[대전] 2026년 컨설팅 지원사업 참여기업 모집 공고(대전인쇄소공인특화지원센터),FAM-0375,경영,컨설팅,0,2,1,2,1,3
PBLN_000000000120818,[경북] 2026년 경북세일페스타 온라인 기획전 참여업체 모집 공고,FAM-0376,내수,온라인,0,2,2,10,1,3
PBLN_000000000120821,2026년 디지털커머스 전문기관(소담스퀘어강원) 소상공인 모집 공고,FAM-0377,내수,홍보지원,2,2,2,5,2,0
PBLN_000000000120827,[전북] 2026년 전북특별자치도소상공인희망센터 컨설팅 지원 참여업체 모집 공고,FAM-0378,경영,컨설팅,7,2,0,9,1,0
PBLN_000000000120828,[울산] 2026년 2차 소상공인 경영안정자금 긴급 융자 지원계획 공고,FAM-0379,금융,융자,3,1,3,3,4,2
PBLN_000000000120829,[울산] 2026년 소상공인 재기지원자금 긴급 융자 지원계획 공고,FAM-0380,금융,융자,3,1,3,6,4,1
PBLN_000000000120843,2026년 아산시 단체관광객 유치 인센티브 지원계획 공고,FAM-0381,경영,디자인/상품화/사업화,0,2,0,8,0,1
PBLN_000000000120877,[경기] 시흥시 2026년 소공인 컨설팅지원사업 참여기업 모집 공고,FAM-0382,경영,컨설팅,4,2,1,11,3,0
PBLN_000000000120889,[전남] 목포시 2026년 소상공인 융자금 이차보전 지원 정정 공고,FAM-0383,금융,융자,3,1,3,6,4,2
PBLN_000000000120894,[강원] 2026년 지역 디지털 품질역량강화사업 컨설팅 및 테스팅 지원사업 모집 공고,FAM-0384,경영,컨설팅,7,2,2,2,3,0
PBLN_000000000120897,[전남] 2026년 수산가공제품 박람회 참가 지원사업 공고,FAM-0385,내수,오프라인,0,2,0,14,3,1
PBLN_000000000120904,[강원] 2026년 3차 중소기업육성자금 지원 변경계획 공고,FAM-0386,금융,융자,0,2,2,2,3,0
PBLN_000000000120905,[경남] 2026년 중소기업 녹색인증 컨설팅 지원사업 참여기업 모집 공고,FAM-0387,경영,컨설팅,7,2,2,9,2,0
PBLN_000000000120920,[서울ㆍ경기ㆍ인천ㆍ강원] 2026년 중소기업 AI 훈련 참여기업 모집 공고,FAM-0388,경영,교육,0,2,2,9,2,3
PBLN_000000000120930,2026년 중소벤처기업부 소상공인 정책자금 융자사업 변경 공고,FAM-0389,금융,융자,0,2,3,10,4,2
PBLN_000000000120933,[경기] 시흥시 2026년 대야기계장비 소공인특화지원센터 자율사업 통합 모집 공고,FAM-0390,경영,디자인/상품화/사업화,1,2,1,11,1,3
PBLN_000000000120946,2026년 전남 창업BuS 프로그램 창업기업 모집 공고,FAM-0391,창업,사업화지원,7,2,2,1,2,0
PBLN_000000000120964,[경북] 경주시 2026년 중소기업 화재보험료 지원사업 참여기업 모집 공고,FAM-0392,금융,보험(수출+무역),0,2,0,4,4,1
PBLN_000000000120976,[광주] 2026년 광주산업화디자인프로젝트 글로벌 디자인 전문기업 육성 지원 참여기업 모집 공고,FAM-0393,내수,오프라인,7,2,2,12,1,0
PBLN_000000000120981,[경기] 포천시 2026년 사물인터넷(IoT) 측정기기 부착 지원사업 재공고,FAM-0394,경영,시설/입지지원,0,2,2,4,2,0
PBLN_000000000121001,[울산] 소상공인 포장재 구입비 긴급 지원 사업 공고(온라인 판로ㆍ마케팅 지원),FAM-0395,경영,디자인/상품화/사업화,1,2,1,6,1,3
PBLN_000000000121014,2026년 제12회 중견기업인의 날 유공자 포상 공고,FAM-0396,내수,오프라인,7,2,2,12,2,0
PBLN_000000000121034,2026년 해외 동반진출 K-브랜드 보호 전략 지원사업 기업 모집 공고,FAM-0397,경영,디자인/상품화/사업화,0,2,2,10,1,3
PBLN_000000000121060,2026년 중소기업 정책자금 융자계획 변경 공고,FAM-0398,금융,융자,0,1,1,3,4,2
PBLN_000000000121063,[경기] 2026년 소상공인 사업정리 지원사업 모집 공고,FAM-0399,경영,컨설팅,0,2,0,9,2,3
PBLN_000000000121068,2026년 대전 유성구 단체관광객 유치 여행사 인센티브 지원계획 공고,FAM-0400,경영,디자인/상품화/사업화,0,2,2,8,0,1
PBLN_000000000121076,[경남] 2026년 경남투자청 투자유치 원스톱 패키지 지원사업 참여기업 모집 공고,FAM-0401,경영,디자인/상품화/사업화,0,2,1,9,2,3
PBLN_000000000121084,2026년 충청북도 공공데이터ㆍAI 활용 창업경진대회 공고,FAM-0402,창업,사업화지원,4,2,2,13,2,3
PBLN_000000000121103,[경북] 경주시 2026년 온라인 플랫폼 판로지원 온라인 기획전 참여업체 모집 공고,FAM-0403,내수,온라인,6,2,1,5,1,0
PBLN_000000000121107,2026년 사회적가치지표(SVI) 측정기업 모집 공고,FAM-0404,창업,사업화지원,6,2,0,2,2,3
PBLN_000000000121131,[경기] 2026년 일터동행 기업 파트너십 참여기업 모집 공고(무료 교육ㆍ컨설팅 지원),FAM-0405,경영,컨설팅,7,2,2,9,2,0
PBLN_000000000121134,[광주] 2026년 소상공인주치의센터 컨설팅 참여업체 모집 공고,FAM-0406,경영,컨설팅,6,2,1,11,1,0
PBLN_000000000121139,2026년 제12회 인천광역시 공공데이터ㆍ AI 활용 창업경진대회 공고,FAM-0407,창업,사업화지원,0,2,1,13,2,3
PBLN_000000000121148,[울산] 창업의 꿈 울산이 이루어 드림 모집 공고,FAM-0408,창업,창업공간지원,0,2,1,4,4,1
PBLN_000000000121168,2026년 글로벌 저탄소선박 정책 대응 지원사업 시행 공고,FAM-0409,경영,디자인/상품화/사업화,0,2,3,10,4,1
PBLN_000000000121175,2026년 스타트업 법률지원사업 참여기업 모집 수정 공고,FAM-0410,창업,창업정보제공,0,2,2,2,3,3
PBLN_000000000121180,[경남] 2026년 스마트공장 기초구축 지원사업 수정 공고,FAM-0411,경영,시설/입지지원,0,2,1,9,1,3
PBLN_000000000121182,2026년 희망리턴패키지 재기사업화(경영개선) 위기 소상공인 진단ㆍ멘토링 지원 모집 공고,FAM-0412,경영,컨설팅,4,2,3,10,2,3
PBLN_000000000121191,2026년 산업 분야 온실가스 국제감축사업 공고,FAM-0413,경영,디자인/상품화/사업화,0,1,3,10,4,1
PBLN_000000000121198,[광주] 2026년 중소기업 온라인몰 입점 지원사업 참여기업 모집 공고,FAM-0414,내수,온라인,2,2,2,5,1,0
PBLN_000000000121206,2026년 지식재산 스타트업 경진대회 참가자(팀) 모집 공고(올해의 K-스타트업 2026 예선(지식재산리그)),FAM-0415,창업,사업화지원,4,2,2,11,2,3
PBLN_000000000121207,2026년 지식재산 데이터 활용 창업 경진대회 모집 공고,FAM-0416,창업,사업화지원,7,2,2,13,2,3
PBLN_000000000121214,[광주ㆍ전북ㆍ전남] 2026년 광주ㆍ호남권 거점기업 육성 금융지원 공고,FAM-0417,금융,융자,0,2,3,4,1,1
PBLN_000000000121231,[광주] 2026년 소상공인 SNSㆍ블로그 홍보지원 참여업체 모집 공고(디지털콘텐츠 홍보지원사업),FAM-0418,내수,홍보지원,6,2,0,5,3,0
PBLN_000000000121239,[전북] 2026년 산업체 애로기술 해결을 위한 기술자문 참여기업 모집 공고(지역지능화혁신인재양성사업),FAM-0419,경영,컨설팅,0,2,0,9,2,3
PBLN_000000000121243,[울산] 2026년 중소기업 AI인프라 육성자금 지원계획 변경 공고,FAM-0420,금융,융자,5,1,3,3,4,2
PBLN_000000000121247,[전남] 2026년 3D프린팅 모형설계 및 후가공 수혜기업 모집 공고,FAM-0421,창업,예비창업자지원,4,2,2,11,2,0
PBLN_000000000121268,[인천] 2026년 인천형 특별 경영안정자금 지원 공고(금융비용 확대 지원을 위한 하나은행 출연 및 협업),FAM-0422,금융,융자,5,1,3,3,4,2
PBLN_000000000121281,[광주] 2026년 중소기업 맞춤형 성장지원(컨설팅) 참여기업 모집 공고,FAM-0423,경영,컨설팅,4,2,1,9,2,3
PBLN_000000000121288,[부산] 2026년 디지털커머스 전문기관 구축ㆍ운영라이브커머스 운영 지원 모집 공고,FAM-0424,내수,온라인,2,2,0,5,1,3
PBLN_000000000121291,2026년 비즈니스지원단(현장클리닉) 사업 운영계획 공고,FAM-0425,경영,컨설팅,0,2,2,9,2,1
PBLN_000000000121320,2026년 산림 공공데이터ㆍAI 활용 창업경진대회 안내 공고,FAM-0426,창업,사업화지원,7,2,2,13,2,0
PBLN_000000000121325,[경북] 경산시 2026년 소상공인 카드수수료 지원사업 참여점포 모집 공고,FAM-0427,경영,디자인/상품화/사업화,0,2,1,0,3,1
PBLN_000000000121326,[경북] 고령군 2026년 소상공인 카드수수료 지원사업 참여점포 모집 공고,FAM-0428,경영,디자인/상품화/사업화,0,2,1,0,3,1
PBLN_000000000121328,[경북] 김천시 2026년 소상공인 카드수수료 지원사업 참여점포 모집 공고,FAM-0429,경영,디자인/상품화/사업화,0,2,1,0,3,1
PBLN_000000000121330,[경북] 성주군 2026년 소상공인 카드수수료 지원사업 참여점포 모집 공고,FAM-0430,경영,디자인/상품화/사업화,0,2,1,0,3,1
PBLN_000000000121334,[경북] 의성군 2026년 소상공인 카드수수료 지원사업 참여점포 모집 공고,FAM-0431,경영,디자인/상품화/사업화,0,2,1,0,4,1
PBLN_000000000121336,[경북] 칠곡군 2026년 소상공인 카드수수료 지원사업 참여점포 모집 공고,FAM-0432,경영,디자인/상품화/사업화,0,2,1,0,4,1
PBLN_000000000121338,[경북] 상주시 2026년 소상공인 카드수수료 지원사업 참여점포 모집 공고,FAM-0433,경영,디자인/상품화/사업화,0,2,1,0,3,1
PBLN_000000000121366,[제주] 소상공인ㆍ자영업자 재기지원사업 희망업체 모집 공고,FAM-0434,경영,시설/입지지원,6,2,1,9,1,3
PBLN_000000000121379,2026년 민관협력 오픈이노베이션 지원 상호 자율탐색형 수요기업 및 스타트업 모집공고,FAM-0435,경영,디자인/상품화/사업화,4,2,0,1,2,3
PBLN_000000000121390,[경기] 김포시 2026년 2차 사물인터넷(IoT) 측정기기 부착 지원사업 공고,FAM-0436,경영,시설/입지지원,0,2,0,4,2,1
PBLN_000000000121397,[강원] 2026년 바이오기업 애로해소 인허가 컨설팅 지원기업 상시모집 공고,FAM-0437,경영,컨설팅,7,2,1,9,3,0
PBLN_000000000121421,[경북] 영천시 2026년 소상공인 카드수수료 지원사업 참여 점포 모집 공고,FAM-0438,경영,디자인/상품화/사업화,0,2,1,0,3,1
PBLN_000000000121425,[경북] 구미시 2026년 소상공인 카드수수료 지원사업 참여 점포 모집 공고,FAM-0439,경영,디자인/상품화/사업화,0,2,1,0,3,1
PBLN_000000000121467,[경북] 포항시 2026년 소상공인 카드수수료 지원사업 참여업체 모집 공고,FAM-0440,경영,디자인/상품화/사업화,0,2,0,0,4,1
PBLN_000000000121477,2026년 스타트업 월드컵 코리아-경산 한국 대표 선발전 참가기업 모집 공고,FAM-0441,창업,사업화지원,7,2,2,1,1,0
PBLN_000000000121478,2026 디지털커머스 전문기관(소담스퀘어 in 전주) 소상공인 지원 프로그램 지원대상 모집 공고,FAM-0442,내수,온라인,2,2,2,5,2,0
PBLN_000000000121480,2026년 TV홈쇼핑 및 데이터홈쇼핑 입점지원사업 소상공인 모집 공고,FAM-0443,내수,온라인,2,2,1,5,2,0
PBLN_000000000121488,2026년 전북특별자치도 공공데이터ㆍAI 활용 창업경진대회 공고,FAM-0444,창업,사업화지원,4,2,1,13,2,3
PBLN_000000000121495,제19회 코리아패션대상 유공자 포상 공고,FAM-0445,내수,홍보지원,0,2,2,10,3,1
PBLN_000000000121498,2026년 농업용 면세유 유가연동보조금 지원사업 공고,FAM-0446,경영,시설/입지지원,2,2,2,4,4,0
PBLN_000000000121499,2026년 스마트그린산업단지 지원사업 통합 공고,FAM-0447,경영,디자인/상품화/사업화,0,2,0,10,2,1
PBLN_000000000121501,2026년 퍼스널케어 융합 얼라이언스 육성사업 비즈니스 경쟁력 강화지원 사업 추가모집 공고,FAM-0448,경영,디자인/상품화/사업화,1,2,1,12,2,3
PBLN_000000000121520,[경북] 경주시 2026년 소상공인 카드수수료 지원사업 참여 점포 모집 공고,FAM-0449,경영,디자인/상품화/사업화,0,2,1,0,3,1
PBLN_000000000121522,제14회 산업통상부 공공데이터 활용 아이디어 공모전 공고,FAM-0450,경영,디자인/상품화/사업화,7,2,2,13,2,0
PBLN_000000000121523,로봇분야 예비창업자 및 재창업자를 위한 창업 성장 프로그램 참가자 모집 공고,FAM-0451,창업,창업공간지원,7,2,2,11,2,0
PBLN_000000000121543,2026년 소공인 클린제조환경조성 사업 모집 공고,FAM-0452,경영,시설/입지지원,4,2,0,4,2,3
PBLN_000000000121563,[경북] 영주시 2026년 소상공인 카드수수료 지원사업 참여점포 모집 공고,FAM-0453,경영,디자인/상품화/사업화,0,2,2,0,3,1
PBLN_000000000121565,[경북] 문경시 2026년 소상공인 카드수수료 지원사업 참여점포 모집 공고,FAM-0454,경영,디자인/상품화/사업화,0,2,2,0,3,1
PBLN_000000000121567,[경북] 영양군 2026년 소상공인 카드수수료 지원사업 참여점포 모집 공고,FAM-0455,경영,디자인/상품화/사업화,0,2,2,0,3,1
PBLN_000000000121568,[경북] 봉화군 2026년 소상공인 카드수수료 지원사업 참여점포 모집 공고,FAM-0456,경영,디자인/상품화/사업화,0,2,2,0,3,1
PBLN_000000000121580,[경기] 김포시 2026년 여성친화 기업환경 개선사업 참여기업 모집 공고,FAM-0457,경영,시설/입지지원,0,2,1,4,1,3
PBLN_000000000121589,2026년 부산광역시 공공데이터ㆍAI 활용 창업경진대회 공고,FAM-0458,창업,사업화지원,4,2,2,13,2,3
PBLN_000000000121593,[충남] 2026년 공산품 온라인 판로지원 사업 참가기업 모집 공고,FAM-0459,내수,온라인,0,2,2,5,1,0
PBLN_000000000121611,2026년 2차 EU CBAM 대응 기업지원 컨설팅 공고,FAM-0460,경영,컨설팅,7,2,1,9,2,0
PBLN_000000000121631,[전남] 2026년 기술닥터제 지원사업 참여기업 모집 공고,FAM-0347,경영,컨설팅,7,2,2,2,3,0
PBLN_000000000121634,[경기] 용인시 2026년 창업 멘토링(1:1) 희망기업 모집 공고,FAM-0461,창업,창업정보제공,4,2,2,1,3,3
PBLN_000000000121635,[부산] 2026년 지역 기업 온라인 입점지원 참가기업 모집 공고,FAM-0462,내수,온라인,0,2,2,5,1,0
PBLN_000000000121646,[경북] 안동시 2026년 소상공인 카드수수료 지원사업 참여점포 모집 공고,FAM-0463,경영,디자인/상품화/사업화,0,2,1,0,3,1
PBLN_000000000121660,2026년 2차 IP사업화연계 지식재산평가지원사업 공고,FAM-0464,경영,디자인/상품화/사업화,0,2,2,11,2,3
PBLN_000000000121664,2026년 IP투자연계 지식재산평가 지원사업 공고,FAM-0465,경영,디자인/상품화/사업화,0,2,2,4,2,3
PBLN_000000000121671,[충남] 2026년 소상공인 IP출원(상표) 지원 사업 모집 공고,FAM-0466,경영,디자인/상품화/사업화,1,2,0,7,4,3
PBLN_000000000121676,[충남] 2026년 대전상공회의소 마케팅(홍보)지원 사업 참여 기업 모집 공고,FAM-0467,내수,홍보지원,0,2,0,12,1,3
PBLN_000000000121677,[충남] 2026년 대전상공회의소 ESG 경영 컨설팅 지원사업  참여기업 모집 공고,FAM-0468,경영,컨설팅,0,2,2,9,1,3
PBLN_000000000121678,[경북] 예천군 2026년 소상공인 카드수수료 지원사업 참여점포 모집 공고,FAM-0469,경영,디자인/상품화/사업화,0,2,2,0,3,1
PBLN_000000000121680,[서울] 2026년 교보생명 INNOSTAGE 오픈이노베이션 참가기업 모집 공고,FAM-0470,창업,사업화지원,4,2,2,1,3,3
PBLN_000000000121681,[광주] 2026년 첫걸음입점 광주소상공인 지원사업 참여 소상공인 모집 공고,FAM-0471,내수,온라인,2,2,2,5,1,0
PBLN_000000000121684,[전남] 2026년 2차 IP 나래 프로그램 지원사업 모집 공고,FAM-0472,경영,컨설팅,4,2,2,1,2,0
PBLN_000000000121692,[충북] 2026년 하반기 2차 IP 나래 프로그램 지원사업 모집 공고,FAM-0472,경영,컨설팅,4,2,1,1,2,0
PBLN_000000000121702,[강원] 2026년 수출단체보험 가입 희망기업 모집 공고(강원특별자치도청 전액 보험료지원),FAM-0473,금융,보험(수출+무역),0,2,2,2,3,0
PBLN_000000000121718,2026년 디지털트윈 플랫폼 활용 수요기업 모집 수정 공고(디지털트윈 융합 의료혁신 선도사업),FAM-0474,경영,컨설팅,7,2,2,2,2,0
PBLN_000000000121722,[인천] 2026년 하반기 2차 IP 나래 프로그램 지원사업 모집 공고,FAM-0472,경영,컨설팅,4,2,2,1,2,0
PBLN_000000000121728,[부산] 2026년 하반기(2차) IP 나래 프로그램 지원사업 모집 공고,FAM-0472,경영,컨설팅,4,2,2,1,2,0
PBLN_000000000121730,2026년 2차 기술확보지원사업 공급망안정화지원 참여기업 모집 공고,FAM-0475,경영,디자인/상품화/사업화,7,2,2,9,2,3
PBLN_000000000121732,2026년 1차 글로벌기술도입지원사업(X&D) 전문가 컨설팅지원 참여기업 모집 공고,FAM-0476,경영,컨설팅,7,2,2,9,2,3
PBLN_000000000121735,2026년 농식품 창업콘테스트 모집 공고,FAM-0477,창업,사업화지원,4,2,2,10,2,3
PBLN_000000000121736,2026년 경남 관광객 유치 인센티브 지원계획 변경 공고,FAM-0478,경영,디자인/상품화/사업화,0,2,0,8,0,1
PBLN_000000000121751,2026년 팹리스 기업 SEDEX 공동관 참가 지원기업 모집 공고,FAM-0479,경영,디자인/상품화/사업화,6,2,0,14,2,3
PBLN_000000000121753,2026년 2차 혁신형 중소기업 방송광고 활성화 지원사업 모집 공고,FAM-0480,내수,홍보지원,6,2,2,9,2,3
PBLN_000000000121759,2026년 2차 ESG공시 규제 대응 중소ㆍ중견 기업의 자발적 환경정보공개 지원사업 참여기업 모집 공고,FAM-0481,경영,컨설팅,7,2,2,9,2,0
PBLN_000000000121762,[비수도권] 2026년 메인비즈 현장방문 맞춤 코칭 공고,FAM-0482,경영,컨설팅,7,2,2,9,3,0
PBLN_000000000121767,[경북] 2026년 하반기 2차 IP 나래 프로그램 지원사업 모집 공고,FAM-0472,경영,컨설팅,4,2,2,1,1,0
PBLN_000000000121769,[제주] 2026년 제주다양성영화 후반단계 작품 인프라 활용 지원사업 공고,FAM-0483,경영,디자인/상품화/사업화,6,2,1,14,3,0
PBLN_000000000121777,[울산] 2026년 소상공인 산재보험료 지원사업 공고,FAM-0484,금융,보험(수출+무역),2,2,0,4,4,0
PBLN_000000000121782,[부산] 2026년 산업기술단지 거점기능강화사업 현장애로지원 기술닥터제 수요기업 모집 공고,FAM-0485,경영,컨설팅,7,2,2,9,1,0
PBLN_000000000121787,[경기] 2026년 사회적가치지표(SVI) 측정교육ㆍ컨설팅 참여기업 모집 공고,FAM-0486,경영,컨설팅,7,2,2,9,2,0
PBLN_000000000121788,[부산] 2026년 세일 페스타(온라인) 온라인 판매기획전 참여 소상공인 모집 공고,FAM-0487,내수,온라인,2,2,2,5,1,0
PBLN_000000000121791,2026년 수출 중소ㆍ중견기업 ESG 공급망 컨설팅 지원사업 참여기업 모집 추가 공고,FAM-0488,경영,컨설팅,7,2,2,9,2,0
PBLN_000000000121792,2026년 1차 전북 숨은시간 활용 일ㆍ생활 균형 지원사업 참여기업 모집 공고(BIONE 고용혁신 프로젝트),FAM-0489,경영,컨설팅,4,2,1,2,2,3
PBLN_000000000121796,[강원] 2026년 공영홈쇼핑 혁신기업 제품 코칭 상담회 참여기업 모집 공고,FAM-0490,내수,온라인,2,2,2,5,3,3
PBLN_000000000121798,2026년 소상공인 생활문화 혁신지원 사업 참여 소상공인 모집 공고,FAM-0491,경영,컨설팅,4,2,1,10,1,3
PBLN_000000000121799,2026년 조선일보 연계 중소기업 홍보ㆍ판매 지원 상생협력 프로그램 참여기업 모집 공고,FAM-0492,내수,온라인,2,2,2,5,1,0
PBLN_000000000121803,2026년 소공인 판로개척지원사업 모집 공고,FAM-0493,경영,디자인/상품화/사업화,2,2,1,10,2,3
PBLN_000000000121804,[전북] 2026년 자영업자 사회보험료 지원 모집 공고,FAM-0494,경영,디자인/상품화/사업화,0,2,0,4,3,0
PBLN_000000000121811,[충북] 충주시 2026년 3차 소규모 사업장 방지시설(사물인터넷 측정기기) 설치 지원사업 공고,FAM-0495,경영,시설/입지지원,0,2,1,4,4,1
PBLN_000000000121819,[울산] 2026년 울산자유무역지역 역량강화 기업지원사업 참여기업 모집 공고,FAM-0496,경영,컨설팅,4,2,3,2,1,3
PBLN_000000000121821,[경북] 2026년 기업에너지 절감 원스톱패키지 지원사업 변경 공고,FAM-0497,경영,시설/입지지원,0,2,1,9,4,3
PBLN_000000000121832,[강원] 2026년 청년창업자금 무이자 대출지원 사업시행 변경 공고,FAM-0498,금융,융자,3,1,0,10,3,2
PBLN_000000000121841,[인천] 2026년 2차 중소기업 기술지원단 운영사업 참여기업 모집 공고,FAM-0499,경영,컨설팅,7,2,0,12,1,0
PBLN_000000000121852,[인천] 2026년 지역상품 공공 조달정보 지원사업 인천지역기업 신용평가 지원사업 참여기업 모집 공고,FAM-0500,경영,컨설팅,7,2,1,9,3,0
PBLN_000000000121853,2026년 업종별 임금체계 개선 지원 사업 참여기업 모집 공고,FAM-0501,경영,컨설팅,7,2,2,2,2,3
PBLN_000000000121863,[경남] 2026년 하반기 2차 IP 나래 프로그램 지원사업 모집 공고,FAM-0472,경영,컨설팅,4,2,2,1,2,0
PBLN_000000000121868,2026년 생활화학제품 안전관리 컨설팅 지원사업 참여기업 모집 공고,FAM-0502,경영,컨설팅,7,2,0,9,2,0
PBLN_000000000121875,2026년 3차 제22회 강원의료기기전시회(GMES 2026) 참가기업 모집 공고,FAM-0503,경영,디자인/상품화/사업화,6,2,1,14,2,3
PBLN_000000000121881,[울산] 2026년 창업 U-시리즈 추가 모집 공고,FAM-0504,창업,사업화지원,7,2,2,11,1,0
PBLN_000000000121887,전남형 AIㆍAX 산업 생태계 조성사업 스타트업 AX 전환 실증 지원 프로그램 참여기업 모집 변경 공고,FAM-0505,경영,컨설팅,4,2,2,1,2,3
PBLN_000000000121888,[전남] 2026년 중소기업 육성자금 지원계획 2차 변경 공고,FAM-0281,금융,융자,0,1,3,10,4,2
PBLN_000000000121889,[충남] 2026년 대전상공회의소-충청남도 제조물 책임(PL)보험료 지원사업 참여기업 모집 공고,FAM-0506,경영,디자인/상품화/사업화,0,2,0,9,3,3
PBLN_000000000121901,2026년 AI 청년창업기업 동반성장 바우처 사업 수요기업 모집 공고,FAM-0507,경영,디자인/상품화/사업화,0,2,1,9,2,1
PBLN_000000000121904,[경기] 용인시 2026년 중소기업 MD 상담회 참가자 모집 공고,FAM-0508,경영,컨설팅,2,2,0,5,2,0
PBLN_000000000121915,[광주] 2026년 광주기획전 참여 소상공인 모집 공고,FAM-0509,내수,온라인,2,2,2,5,1,0
PBLN_000000000121919,[경기] 용인시 2026년 용인IP지원센터 IP전략수립 지원사업 모집 공고,FAM-0510,경영,디자인/상품화/사업화,7,2,2,14,2,0
PBLN_000000000121931,[부산] 2026년 소상공인 경영전략 컨설팅 소상공인 모집 공고,FAM-0511,경영,컨설팅,6,2,1,9,3,0
PBLN_000000000121937,2026년 2차 경북 TIPS(기술창업) 지원프로그램 운영사업 TIPS 후보기업 모집 공고,FAM-0512,창업,사업화지원,6,2,1,1,2,0
PBLN_000000000121958,[전북] 2027년 전통시장 및 상점가 시설현대화사업 모집 공고,FAM-0513,경영,시설/입지지원,0,2,2,10,3,1
PBLN_000000000121965,[울산] 울주군 2026년 청년 스마트팜 보급 육성 지원사업 지원기업 모집 공고,FAM-0514,경영,시설/입지지원,0,2,1,11,1,1
PBLN_000000000121976,[경기] 포천시 2026년 지역소공인육성사업 소공인특화지원센터 지원사업 공고,FAM-0515,경영,디자인/상품화/사업화,4,2,2,11,3,3
PBLN_000000000121981,[인천] 2026년 퍼스트펭귄 지원 프로그램 참여기업 모집 공고(인천기업경영지원센터 혁신기업 육성 프로젝트),FAM-0516,경영,디자인/상품화/사업화,7,2,2,10,2,0
PBLN_000000000121983,[인천] 2026년 중소기업 경영혁신 CEO 연구회 기업 승계 실무 준비 분과 참여기업 모집 공고,FAM-0517,경영,컨설팅,7,2,0,9,1,0
PBLN_000000000121990,2026년 혁신제품 공공조달 유공 포상 계획 공모,FAM-0518,내수,공공구매,0,2,2,10,2,1
PBLN_000000000121995,[경남] 2026년 우수 지역전통주 홍보 및 판촉 지원사업 참여업체 모집 공고,FAM-0519,내수,오프라인,6,2,1,12,1,3
PBLN_000000000121996,[강원] 원주시 2026년 중소기업 우수제품 박람회 참가기업 모집 공고,FAM-0520,내수,오프라인,6,2,0,14,3,3
PBLN_000000000122008,[경기] 연천군 2026년 우리동네 맑은공기 패키지 지원사업 공고,FAM-0521,경영,시설/입지지원,0,2,0,4,1,1
PBLN_000000000122010,[인천] 2026년 6차 중소기업육성자금 경영안정자금(이자차액보전) 지원 공고,FAM-0522,금융,융자,5,1,0,3,4,2
PBLN_000000000122020,[세종] 2026년 상반기 세종창업키움센터 전문가컨설팅 프로그램 모집 공고,FAM-0523,창업,창업정보제공,4,2,2,11,1,0
PBLN_000000000122021,[경남] 진주시 2026년 상반기 중소기업육성기금 지원계획 변경 2차 공고,FAM-0524,금융,융자,0,1,3,3,1,2
PBLN_000000000122024,[경기] 하남시 2026년 중소기업 특례보증 지원 확대 계획 공고,FAM-0525,금융,보증,0,2,1,6,4,1
PBLN_000000000122025,[경기] 2026년 소상공인 청년 창업 원스텝 모집 공고(예비 창업자),FAM-0526,창업,예비창업자지원,4,2,0,11,3,3
PBLN_000000000122026,[경기] 하남시 2026년 소상공인 특례보증 지원 확대 계획 공고,FAM-0527,금융,보증,0,2,1,6,4,1
PBLN_000000000122027,2026년 C4IR Korea 멤버십 프로그램 참가기업 모집 공고,FAM-0528,창업,사업화지원,4,2,2,14,1,3
PBLN_000000000122028,2026년 서울바이오허브⎼삼성바이오에피스 오픈이노베이션 프로그램 참여기업 모집 공고,FAM-0529,창업,사업화지원,6,2,1,2,2,0
PBLN_000000000122031,[충북] 2026년 장애인기업 활동촉진(마케팅지원)사업 공고,FAM-0530,내수,홍보지원,2,2,2,14,1,3
PBLN_000000000122035,2026년 로봇 기반 공간컴퓨팅 창업지원 예비창업 및 초기창업기업 지원기업 모집 공고,FAM-0531,창업,사업화지원,4,2,1,11,2,3
PBLN_000000000122036,[세종] 2026년 한글로(路) 조치원 공간 운영 기업 모집 공고,FAM-0532,경영,시설/입지지원,6,2,1,13,1,0
PBLN_000000000122038,[경기] 시흥시 2026년 AIㆍDX 기반 기업 역량 강화 지원 참여 기업 모집 추가 공고,FAM-0533,경영,컨설팅,7,2,1,9,2,0
PBLN_000000000122042,[대구] 2026년 기술혁신전문가(기술닥터) 지원사업 공고,FAM-0534,경영,컨설팅,7,2,2,12,3,0
PBLN_000000000122057,[경기] 김포시 중소기업 육성자금 긴급 경영자금(중동위기 피해 관련) 지원계획 공고,FAM-0535,금융,융자,5,1,3,3,4,2
PBLN_000000000122059,[경북] 2026년 관상어 산업 활성화 지원사업 참여기업 모집 공고,FAM-0536,경영,디자인/상품화/사업화,6,2,1,12,1,3
PBLN_000000000122064,[강원] 2026년 정보보호 특화기업 지원사업 수혜기업 모집 공고,FAM-0537,경영,정보화지원,1,2,1,9,3,3
PBLN_000000000122069,[대구ㆍ경북] 2026년 대구경북 공공구매상담회 참가기업 모집 공고,FAM-0538,내수,오프라인,7,2,2,14,3,0
PBLN_000000000122075,[대구] 2026년 협동조합 성장 컨설팅 및 온라인 마케팅 고도화 지원사업 모집 공고,FAM-0539,경영,디자인/상품화/사업화,6,2,0,9,1,3
PBLN_000000000122076,[경남] 진주시 2026년 상반기 중소기업 단체 수출보험료 지원사업 공고,FAM-0540,금융,보험(수출+무역),0,2,0,14,4,1
PBLN_000000000122082,2026년 6기 BOUNCE PIE 배치 프로그램 기업 모집 공고,FAM-0541,창업,사업화지원,4,2,0,1,2,3
PBLN_000000000122100,[전남] 2026년 JNGC 인디 게임 창업(예비창업자) 제작지원 공고(전남지역기반게임산업육성사업),FAM-0542,창업,예비창업자지원,0,2,2,11,1,3
PBLN_000000000122104,2026년 중소사업자 개인정보 안전조치 모니터링 지원 사업 공고,FAM-0543,경영,컨설팅,7,2,2,9,2,0
PBLN_000000000122108,2026년 창업패키지(AI 인재 실증형) 창업기업 모집 공고,FAM-0544,창업,사업화지원,4,2,1,1,2,3
PBLN_000000000122109,[충남] 아산시 2026년 2차 여성농업인 농작업 편이장비 지원사업 지방보조금 지원계획 추가모집 공고,FAM-0545,경영,시설/입지지원,0,2,1,4,4,1
PBLN_000000000122113,2026년 병무청ㆍ방위사업청ㆍ질병관리청 합동 공공데이터ㆍAI 활용 경진대회 공고,FAM-0546,창업,사업화지원,4,2,2,13,1,3
PBLN_000000000122114,[울산] 2026년 국가산단 소규모 영세사업장 안전컨설팅 지원사업 참여기업 모집 공고,FAM-0547,경영,컨설팅,7,2,2,9,2,3
PBLN_000000000122117,[대구] 2026년 공공데이터ㆍAI 활용 창업경진대회 참가자 모집 공고,FAM-0548,창업,사업화지원,0,2,0,13,2,3
PBLN_000000000122125,2026년 비축원자재 이용 강소기업 모집 공고,FAM-0549,경영,디자인/상품화/사업화,7,1,2,4,2,2
PBLN_000000000122126,2026년 비축원자재 이용 혁신ㆍ수출기업 모집 공고,FAM-0550,경영,디자인/상품화/사업화,7,1,2,4,2,2
PBLN_000000000122128,[경북] 울진군 2026년 소상공인 카드수수료 지원사업 참여업체 모집 공고,FAM-0551,경영,디자인/상품화/사업화,0,2,0,0,4,1
PBLN_000000000122130,2026년 LBS 스타트업 챌린지 모집 공고,FAM-0552,창업,사업화지원,4,2,2,13,2,0
PBLN_000000000122136,[충남] 2026년 1인 자영업자 고용보험료 지원사업 공고,FAM-0553,경영,디자인/상품화/사업화,0,2,0,4,4,1
PBLN_000000000122137,[경기] 부천시 2026년 부천문화콘텐츠 성장지원플랫폼 참여기업 모집 공고,FAM-0554,창업,사업화지원,7,2,2,1,1,0
PBLN_000000000122142,2026년 2차 농산업 혁신제품 판로지원사업 참여기업 모집 공고,FAM-0555,내수,온라인,2,2,2,5,1,0
PBLN_000000000122144,2026년 2차 농식품 창업제품 브랜드관(우체국쇼핑몰) 전시기업 모집 공고(온라인 유통채널 연계 진출지원),FAM-0556,내수,온라인,2,2,2,5,1,0
PBLN_000000000122146,2026년 국가첨단전략산업 소부장 중소ㆍ중견기업 투자지원금 사업시행 공고,FAM-0557,경영,시설/입지지원,0,2,3,9,4,1
PBLN_000000000122152,2026년 3-4차 투자유치설명회 ICT벤처IR 참여기업 모집 공고,FAM-0558,경영,컨설팅,7,2,2,1,2,3
PBLN_000000000122153,[서울] 외식업 경영혁신 컨설팅 지원사업 컨설팅 참여업소 모집 공고,FAM-0559,경영,컨설팅,6,2,2,10,1,3
PBLN_000000000122156,[부산] 사상구 2026년 사물인터넷 측정기기 부착 지원사업 추가모집 공고,FAM-0560,경영,시설/입지지원,0,2,1,4,2,1
PBLN_000000000122157,[충남] 2026년 소상공인 IP창출 종합패키지(브랜드&디자인 융합) 사업 공고,FAM-0561,경영,디자인/상품화/사업화,1,2,1,7,2,3
PBLN_000000000122158,[서울] 2026년 소상공인 IP창출지원 IP창출종합패키지(브랜드ㆍ디자인 융합) 사업 공고,FAM-0562,경영,디자인/상품화/사업화,1,2,1,7,2,3
PBLN_000000000122160,[경북] 2026년 소상공인 IP창출지원 IP창출종합패키지(브랜드ㆍ디자인 융합) 사업 공고,FAM-0562,경영,디자인/상품화/사업화,1,2,1,7,2,3
PBLN_000000000122162,2026년 2차 판로확대 지원사업 참여 소상공인 모집 공고(쇼핑몰 통합관리 지원(사방넷)),FAM-0563,경영,디자인/상품화/사업화,2,2,3,5,2,3
PBLN_000000000122165,2026년 여성특화 액셀러레이팅 프로그램 참여자 모집 공고,FAM-0564,창업,사업화지원,4,2,1,1,2,3
PBLN_000000000122166,[경남] 김해시 2026년 창업기업 마케팅 역량 강화 지원사업 디자인 개발 참가기업 모집 공고,FAM-0565,경영,디자인/상품화/사업화,6,2,2,12,1,0
PBLN_000000000122167,2026년 인천 바이오 스타트업 지원을 위한 액셀러레이팅 프로그램 참가기업 모집 공고,FAM-0566,창업,예비창업자지원,4,2,1,11,2,3
PBLN_000000000122168,[경북] 경주시 2026년 소규모 사업장 방지시설 설치 지원사업 공고,FAM-0567,경영,시설/입지지원,0,2,3,4,1,1
PBLN_000000000122170,[경북] 2026년 국제 AIㆍ메타버스 영상제(GAMFF 2026) B2B 전시관 참가기업 모집 공고,FAM-0568,내수,홍보지원,6,2,1,14,2,3
PBLN_000000000122171,2026년 인천스타트업파크 TRYOUT AI 실증 사업(자율과제) 모집 공고,FAM-0569,창업,사업화지원,4,2,1,1,2,3
PBLN_000000000122173,[경남] 2026년 소상공인 온라인 쇼핑몰 기획전 참여 소상공인 모집 공고,FAM-0570,내수,온라인,2,2,1,5,1,0
PBLN_000000000122175,[충북] 충주시 2026년 착한가격업소 신규모집 공고,FAM-0571,경영,디자인/상품화/사업화,2,2,2,4,1,3
PBLN_000000000122176,2026년 전남형 청년창업사관학교 지원자 추가모집 공고,FAM-0572,창업,사업화지원,4,2,1,11,3,3
PBLN_000000000122184,[경북] 2026년 지역특화형 스마트공장 보급ㆍ확산사업 공고,FAM-0573,경영,시설/입지지원,7,2,2,2,1,0
PBLN_000000000122187,2026년 의약품 특허대응전략 컨설팅 지원 사업 지원기업 모집 공고,FAM-0574,경영,컨설팅,7,2,0,9,2,3
PBLN_000000000122188,[경북] 2026년 오프라인 특판전(롯데백화점(본점)) 참가기업 모집 공고(K-통합 마케팅 생태계 조성사업),FAM-0575,내수,오프라인,6,2,1,5,3,3
PBLN_000000000122189,[전북] 2026년 2차 지역특화형(농ㆍ식품기업) 스마트공장 구축지원 사업 공고,FAM-0576,경영,시설/입지지원,0,2,2,9,1,1
PBLN_000000000122191,[경북] 2026년 소상공인 사회보험료 지원 사업 참여자 모집 공고,FAM-0577,경영,디자인/상품화/사업화,0,2,0,4,3,0
PBLN_000000000122193,[전남] 나주시 2026년 스타기업 육성사업 기업성장단계별 육성프로그램 시행 공고,FAM-0578,경영,디자인/상품화/사업화,6,2,2,2,3,3
PBLN_000000000122196,[강원] 철원군 2026년 3차 청년창업 공간 지원사업 예비창업자 모집 공고,FAM-0579,창업,예비창업자지원,4,2,1,11,3,3
PBLN_000000000122204,[부산] 금정구 2026년 2차 중소기업 전시ㆍ박람회 지원사업 참여기업 모집 공고,FAM-0580,경영,디자인/상품화/사업화,6,2,1,2,1,3
PBLN_000000000122208,2026년 2차 마케팅 구매상담회 참여기업 모집 공고,FAM-0581,경영,디자인/상품화/사업화,6,2,1,5,2,0
PBLN_000000000122210,[대구] 2026년 1차 여성창업 사업화지원사업 참여자 모집 공고,FAM-0582,창업,사업화지원,1,2,1,11,3,3
PBLN_000000000122213,[대구] 서구 2026년 살맛나는 서구 일자리 지원사업 성장 창업사업화 지원 사업 참여자 모집 공고,FAM-0583,창업,사업화지원,4,2,2,11,1,3
PBLN_000000000122214,[부산] 2026년 소상공인 IP창출 종합패키지(브랜드&디자인 융합) 사업 공고,FAM-0561,경영,디자인/상품화/사업화,1,2,1,7,2,3
PBLN_000000000122216,[경남] 2026년 경력단절예방지원사업 직장문화개선 기업컨설팅 참여기업 모집 공고,FAM-0584,경영,컨설팅,7,2,2,9,2,0
PBLN_000000000122219,2026년 기후테크 특화 오픈이노베이션 실증 참가기업(창업기업) 모집 공고(기후테크 창업기업 성장지원사업),FAM-0585,창업,사업화지원,4,2,1,1,1,3
PBLN_000000000122221,[서울] 2026년 키친인큐베이터 푸드위크 코리아 박람회 지원사업 모집 공고,FAM-0586,내수,오프라인,6,2,0,14,1,0
PBLN_000000000122222,2026년 기후테크 특화 오픈이노베이션 컨소시엄 모집 공고(기후테크 창업기업 성장지원사업),FAM-0587,창업,사업화지원,4,2,1,1,2,3
PBLN_000000000122226,[경기] 2026년 경기도형 납품대금 연동제 컨설팅 지원 사업 참여기업 모집 공고,FAM-0588,경영,컨설팅,7,2,1,2,3,3
PBLN_000000000122229,2026년 창업BuS in 세종 수요투자 라운드 참여기업 상시 모집 공고,FAM-0589,창업,사업화지원,4,2,2,1,2,0
PBLN_000000000122232,2026년 2차 소모성자재(MRO) 납품 중소기업 구매상담회 참여기업 모집 공고,FAM-0590,경영,디자인/상품화/사업화,7,2,2,9,2,0
PBLN_000000000122233,"[전북] 2026년 글로벌 강소기업 1,000+ 프로젝트-강소ㆍ강소+ 지역 자율프로그램 참여기업 모집 공고",FAM-0591,경영,디자인/상품화/사업화,6,2,0,12,2,3
PBLN_000000000122245,[경기] 부천시 2026년 한국전자전(KES 2026) 참가기업 모집 추가 공고,FAM-0592,내수,오프라인,6,2,1,14,3,0
PBLN_000000000122246,[경북] 영천시 2026년 2차 지방소멸 대응을 위한 모빌리티 가공부품산업 제조전환 및 구조 효율화 지원사업 공고(시군구연고산업육성 협업프로젝트),FAM-0593,경영,디자인/상품화/사업화,4,2,1,2,1,3
PBLN_000000000122251,[인천] 2026년 소상공인 IP창출 종합패키지(브랜드&디자인 융합) 사업 공고,FAM-0561,경영,디자인/상품화/사업화,1,2,1,7,2,3
PBLN_000000000122252,2026년 경북형 사회적경제 창업학교 참가자 모집 공고,FAM-0594,창업,예비창업자지원,4,2,2,11,1,3
PBLN_000000000122253,[강원] 2026년 소상공인 IP창출 종합패키지(브랜드ㆍ디자인 융합) 사업 참여기업 모집 공고,FAM-0595,경영,디자인/상품화/사업화,1,2,1,7,3,3
PBLN_000000000122254,[대전] 2026년 전통시장 등 공동배송시스템 지원사업 라이더 배달비 지원사업 공고,FAM-0596,내수,온라인,0,2,0,4,3,1
PBLN_000000000122258,2026년 관계부처 합동 한류마케팅 참가기업 모집 공고,FAM-0597,내수,홍보지원,7,2,2,14,2,0
PBLN_000000000122261,[충북] 2026년 향기연구소 운영 및 제품개발 지원사업 사업화 지원 분야 수혜기업 모집 공고(충북 향기연구소 운영 및 제품개발지원사업),FAM-0598,경영,디자인/상품화/사업화,6,2,1,2,1,0
PBLN_000000000122262,[충북] 2026년 바이오기업 GMP인증 지원사업 추가 공고,FAM-0599,경영,컨설팅,1,2,1,9,1,3
PBLN_000000000122267,2026년 2차 민관협력 오픈이노베이션 지원사업 수요기업ㆍ기관 협업과제 및 프로그램 모집 공고,FAM-0600,경영,디자인/상품화/사업화,0,2,2,2,2,3
PBLN_000000000122272,[서울] 2026년 전문기관 연계형 기술ㆍ경영 컨설팅 지원 사업 수요기업 모집 공고,FAM-0601,경영,컨설팅,4,2,1,2,1,3
PBLN_000000000122273,2026년 찾아가는 1:1 디지털 교육 소상공인 모집 공고,FAM-0602,경영,교육,2,2,1,5,2,3
PBLN_000000000122274,2026년 2차 장애인 창업사업화 지원사업 대상자 모집 공고,FAM-0603,창업,사업화지원,1,2,1,11,3,3
PBLN_000000000122277,[울산] 2026년 U-SPACE 제품개발 통합지원 프로그램 참여기업 모집 공고,FAM-0604,창업,사업화지원,4,2,1,11,2,0
PBLN_000000000122280,[인천] 2026년 청년 소셜벤처기업 육성사업 (예비)창업자 모집 공고,FAM-0605,창업,사업화지원,4,2,2,11,1,3
PBLN_000000000122285,2026년 클라우드 엑스포 코리아 전시기업 지원 모집 공고,FAM-0606,내수,오프라인,6,2,2,14,2,0
PBLN_000000000122286,[대구] 동구 제1회 청년 창업 아이디어 경진대회 참가자 모집 공고,FAM-0607,창업,예비창업자지원,4,2,1,11,2,3
PBLN_000000000122292,[경북] 2026년 소상공인 새바람 체인지업 사업 경영환경개선 희망 소상공인 모집 변경 공고,FAM-0608,경영,시설/입지지원,4,2,1,2,1,3
PBLN_000000000122297,[서울] 2026년 직장 내 성희롱ㆍ성폭력 예방 컨설팅 참여기업 모집 공고,FAM-0609,경영,컨설팅,7,2,2,9,2,3
PBLN_000000000122298,[전남] 2026년 전남창조경제혁신센터 오픈이노베이션 밋업데이 참가기업 모집 공고,FAM-0610,내수,오프라인,2,2,2,5,1,0
PBLN_000000000122305,[경기] 양주시 2026년 음식점 미세먼지ㆍ악취 방지시설 설치 지원사업 공고,FAM-0611,경영,시설/입지지원,0,2,1,4,1,1
PBLN_000000000122308,2026년 경기도 동부권역 창업가 모집 공고(지역 가치 창업가 육성 지원사업),FAM-0612,창업,사업화지원,1,2,1,11,1,3
PBLN_000000000122310,[인천] 2026년 6차산업 패키지 지원 사업 모집 공고,FAM-0613,내수,홍보지원,6,2,1,12,2,3
PBLN_000000000122312,[경기] 북부 2026년 소상공인 IP창출 종합패키지(브랜드ㆍ디자인 융합) 사업 참여기업 모집 공고,FAM-0614,경영,디자인/상품화/사업화,1,2,1,7,3,3
PBLN_000000000122313,2026년 보건산업혁신창업센터 혁신창업멤버스 기업 모집 연장 공고,FAM-0615,창업,창업공간지원,4,2,1,11,2,0
PBLN_000000000122316,[인천] 2026년 IFEZ ESG 경영 컨설팅 참여 기업 모집 공고(인천공급망ESG지원센터),FAM-0616,경영,컨설팅,7,2,2,9,1,0
PBLN_000000000122317,2026년 FOOD WEEK KOREA 참가 지원기업 모집 공고,FAM-0617,내수,오프라인,6,2,1,14,1,3
PBLN_000000000122318,[대구] 군위군 2026년 2차 식품산업 밸류업(value-up) 프로젝트 사업 참여기업 모집 공고(시군구 연고산업 협업프로젝트),FAM-0618,경영,디자인/상품화/사업화,1,2,1,12,1,3
PBLN_000000000122325,2026년 대전 도심 공실 활용 스마트팜 조성사업 운영사 모집 공고,FAM-0619,경영,시설/입지지원,0,2,0,10,1,1
PBLN_000000000122327,[경기] 2026년 일ㆍ생활 균형 제도 도입 지원 컨설팅 참여기업 모집 공고,FAM-0620,경영,컨설팅,7,2,2,9,1,0
PBLN_000000000122329,[울산] 2026년 제조데이터 기반 AI 활용 컨설팅 지원기업 모집 공고,FAM-0621,경영,컨설팅,7,2,2,9,2,0
PBLN_000000000122330,[경기] 용인시 2026년 DeepTech STARTUP Batch 참가자 모집 공고,FAM-0622,창업,사업화지원,4,2,1,1,2,3
PBLN_000000000122332,[대구ㆍ경북] 경제자유구역기술 창업기업 맞춤형 멘토링 지원 공고,FAM-0623,경영,컨설팅,0,2,3,1,2,3
PBLN_000000000122334,AI+ OpenData 챌린지 참여기업 모집 수정 공고,FAM-0624,창업,사업화지원,4,2,1,1,2,1
PBLN_000000000122335,2026년 예술산업보증 공고,FAM-0625,금융,보증,0,2,1,2,2,1
PBLN_000000000122336,2026년 2차 온라인판로 종합지원사업 참여기업 모집 공고,FAM-0626,내수,온라인,6,2,1,5,2,3
PBLN_000000000122338,[인천] 2026년 국내외 디자인어워드(GDㆍIDEAㆍIFㆍRedDot) 출품비용 지원 참여기업 모집 공고,FAM-0627,경영,디자인/상품화/사업화,0,2,0,12,2,3
PBLN_000000000122339,[인천] 2026년 바이오플러스 인터펙스 코리아 2026 바이오산업 홍보관 참가기업 모집 공고,FAM-0628,내수,온라인,6,2,2,14,1,0
PBLN_000000000122342,2026년 2분기 국내 저온 수송차량 지원업체 모집 공고,FAM-0629,경영,디자인/상품화/사업화,0,2,2,14,4,3
PBLN_000000000122346,[인천] 2026년 원도심ㆍ지역상권 활성화를 위한 상권 활성화 특례보증 지원사업 공고,FAM-0630,금융,보증,3,1,0,6,1,2
PBLN_000000000122348,[부산] 2026년 8차 중소기업 자금지원계획 변경 공고,FAM-0631,금융,융자,3,1,3,2,3,2
PBLN_000000000122349,[경남] 2026년 2차 지역 합동 투자상담회 참가기업 모집 공고,FAM-0632,금융,펀드/투자,7,2,2,14,3,3
PBLN_000000000122350,[경남] 2026년 마산자유무역지역 역량강화 기업지원사업 지원기업 추가 모집 공고,FAM-0633,경영,디자인/상품화/사업화,1,2,1,12,1,3
PBLN_000000000122354,[부산] 2026년 상반기 사회적경제 공공구매 페어 참가기업 모집 공고,FAM-0634,내수,공공구매,6,2,2,14,3,0
PBLN_000000000122355,2026년 블루 스타트업 지원사업 참여기업 추가 모집 공고,FAM-0635,창업,사업화지원,4,2,1,11,1,3
PBLN_000000000122357,[충북] 2026년 중소기업 경영애로 전문가 컨설팅서비스 참여기업 모집 공고,FAM-0636,경영,컨설팅,7,2,2,9,1,0
PBLN_000000000122360,[부산] 2026년 수리조선산업 맞춤형 지원사업 공고(스마트수리조선지원센터 관리운영 사업),FAM-0637,경영,디자인/상품화/사업화,0,2,1,2,3,3
PBLN_000000000122363,[전남] 2026년 스마트그린산단 스마트제조 전환지원 참여기업 모집 공고(전남광양 스마트제조고급인력 양성사업),FAM-0638,경영,정보화지원,7,2,2,9,1,0
PBLN_000000000122364,[충북] 충주시 2026년 청년소상공인 창업점포임차료 지원사업 공고,FAM-0639,경영,시설/입지지원,0,2,1,4,1,3
PBLN_000000000122368,[광주] 2026년 농업발전기금 융자사업 공고,FAM-0640,금융,융자,5,1,3,4,3,2
PBLN_000000000122373,2026년 과천시 중소기업 및 소상공인 육성자금 이자차액보전 지원계획 변경 공고,FAM-0641,금융,융자,3,1,0,10,4,2
PBLN_000000000122375,[대구] 동구 청년 창업기업 D-LINK 프로그램 4기 참여자 모집 연장 공고,FAM-0642,창업,사업화지원,4,2,1,11,1,3
PBLN_000000000122376,KDB NextONE 부산 5기 모집 공고,FAM-0643,창업,사업화지원,4,2,3,1,2,3
PBLN_000000000122380,[경북] 2026년 콘텐츠 기업 국내ㆍ외 판로개척 지원사업 참여기업 추가 모집 공고,FAM-0644,경영,디자인/상품화/사업화,6,2,1,14,1,3
PBLN_000000000122385,[전북] 2026년 소상공인 제품상세페이지 제작지원사업 소상공인 모집 공고,FAM-0645,내수,온라인,2,2,2,5,2,0
PBLN_000000000122386,2026년 대ㆍ중소상생형 스마트공장 구축지원 사업 포스코 도입기업 모집 공고,FAM-0646,경영,시설/입지지원,7,2,2,10,2,0
PBLN_000000000122389,2026년 대ㆍ중소상생형(AI트랙) 스마트공장 구축지원 사업 포스코 도입기업 모집 공고,FAM-0646,경영,시설/입지지원,7,2,2,10,2,0
PBLN_000000000122393,[전남] 2026년 소상공인 IP 창출지원 IP 창출 종합패키지(브랜드ㆍ디자인 융합) 사업 공고,FAM-0562,경영,디자인/상품화/사업화,1,2,1,7,2,3
PBLN_000000000122398,2026년 서울뷰티위크 비즈니스 밋업 피칭대회 참가기업 모집 공고,FAM-0647,창업,사업화지원,0,2,2,1,1,3
PBLN_000000000122399,[충북] 괴산군 2026년 2차 친환경 로컬식품의 고부가가치화를 위한 푸드테크산업 육성사업 모집 공고(시군구연고산업 육성사업),FAM-0648,경영,디자인/상품화/사업화,4,2,0,2,1,3
PBLN_000000000122400,[충남] 아산시 2026년 2차 식량작물 생산비 절감 지원사업 신청접수 공고,FAM-0649,경영,시설/입지지원,0,2,2,4,4,1
PBLN_000000000122401,2026년 전시회 부스 지원 참여 소상공인 모집(비건ㆍ클린뷰티페어ㆍ펫쇼코리아(하)ㆍ 동아 홈&리빙페어),FAM-0650,내수,오프라인,0,2,2,5,2,3
PBLN_000000000122402,[울산] 울주군 2026년 2차 중소기업 ESG 관리 지원사업 공고,FAM-0651,경영,컨설팅,7,2,1,2,1,3
PBLN_000000000122405,[경기] 시흥시 2026년 기업 홍보 콘텐츠 제작 지원사업 추가 모집 공고,FAM-0652,내수,홍보지원,6,2,2,14,1,0
PBLN_000000000122406,[서울] 2026년 2차 소규모 세탁소 VOCs 저감시설 지원사업 세탁소 모집 공고,FAM-0653,경영,시설/입지지원,0,2,1,4,1,1
PBLN_000000000122409,[경북] 포항시 2026년 신산업플러스 일자리창출 우수기업 지원사업 참여기업 추가모집 공고,FAM-0654,경영,디자인/상품화/사업화,0,2,0,4,4,3
PBLN_000000000122410,[전남] 2026년 지역특화형(식품ㆍ바이오분야) 스마트공장 구축사업(고도화) 공고,FAM-0655,경영,시설/입지지원,0,2,1,9,2,3
PBLN_000000000122412,[전남] 2026년 대한민국 중소기업 박람회 참가기업 모집 공고,FAM-0656,내수,오프라인,6,2,1,14,1,0
PBLN_000000000122414,[인천] 2026년 1인 창조기업 지원센터 선택형 지원 모집 공고,FAM-0657,창업,사업화지원,4,2,1,12,3,3
PBLN_000000000122417,[울산] 2026년 유망 소상공인 로컬브랜드 육성사업 참여기업 모집 공고,FAM-0658,경영,컨설팅,1,2,1,12,1,3
PBLN_000000000122418,[경기] 용인시 2026년 공공조달 멘토링 지원 참여기업 모집 공고,FAM-0659,경영,컨설팅,7,2,0,2,1,0
PBLN_000000000122419,[경기] 시흥시 2026년 소공인 협업 활성화 지원사업 모집 공고,FAM-0660,경영,디자인/상품화/사업화,1,2,1,12,2,0
PBLN_000000000122420,[경기] 부천시 IBK ESG 컨설팅 참가기업 모집 공고,FAM-0661,경영,컨설팅,0,2,2,9,2,3
PBLN_000000000122421,[강원] 2026년 지역특화형(바이오헬스ㆍ식품) 스마트공장 구축사업 공고,FAM-0662,경영,시설/입지지원,4,2,1,9,3,3
PBLN_000000000122423,2026년 2차 배출권거래제 할당대상업체 탄소중립설비 지원사업 공고,FAM-0663,경영,시설/입지지원,0,2,3,10,2,1
PBLN_000000000122428,2026년 콘텐츠 기업 노무 컨설팅 참가기업 모집 공고,FAM-0664,경영,컨설팅,7,2,0,14,2,0
PBLN_000000000122429,[충북] 2026년 대한민국 국제 의약품 전시회(CPHI KOREA 2026) 참가기업 모집 공고,FAM-0665,내수,오프라인,6,2,0,14,1,0
PBLN_000000000122431,[충남] 아산시 2026년 착한가격업소 소규모 시설개선 지원사업 공고,FAM-0666,경영,시설/입지지원,0,2,1,4,4,1
PBLN_000000000122432,2026년 대구 투자 및 상장(IPO) 활성화 통합사업 투자 및 상장(IPO) 지원 공고,FAM-0667,금융,펀드/투자,6,2,1,1,2,3
PBLN_000000000122433,[대구] 2026년 (Pre)스타기업 육성사업 개별지원 유형별 특성화지원 통합 공고,FAM-0668,경영,디자인/상품화/사업화,1,2,1,12,1,3
PBLN_000000000122436,[광주] 청년창업기업 엑셀러레이팅 프로그램 참여기업 모집 공고,FAM-0669,창업,사업화지원,7,2,2,1,1,0
PBLN_000000000122437,[대전] 2026년 특화역량 BI 육성 지원사업(거점형) Startup Festival(우수기술 경진대회) 모집 공고,FAM-0670,창업,사업화지원,6,2,1,12,2,0
PBLN_000000000122438,[광주] 2026년 중견ㆍ중소기업 오픈이노베이션 창업기업 추가모집 공고,FAM-0671,창업,사업화지원,4,2,2,1,1,3
PBLN_000000000122444,2026년 철도산업 활성화를 위한 한국철도 창업ㆍ벤처기업 지원사업 모집 공고,FAM-0672,경영,디자인/상품화/사업화,4,2,1,1,2,0
PBLN_000000000122449,[경남] 2026년 지역중소기업 밀집지역 생태계 공동회복 지원과제 수요기업 모집 공고(중소기업 밀집지역 위기대응 체계 구축사업),FAM-0673,경영,컨설팅,7,2,1,10,2,0
PBLN_000000000122450,[충남] 공주시 2026년 (예비)사회적기업 시설장비 지원사업 참여자 모집 공고,FAM-0674,경영,시설/입지지원,6,2,1,4,1,0
PBLN_000000000122451,[광주] 남구 2026년 창업 아이디어 공모 및 지원 공고,FAM-0675,창업,사업화지원,4,2,0,11,3,3
PBLN_000000000122452,2026년 2차 기술개발제품 시범구매 지원계획 공고,FAM-0676,경영,디자인/상품화/사업화,6,2,1,10,2,3
PBLN_000000000122453,[광주] 2026년 사회연대경제 우선구매 매칭데이 참여기업 모집 공고,FAM-0677,내수,오프라인,6,2,2,5,1,0
PBLN_000000000122456,2026년 2차 소상공인 온라인판로 지원사업 참여기업 모집 공고,FAM-0287,내수,홍보지원,2,2,2,5,2,0
PBLN_000000000122457,2026년 2차 첨단복합소재ㆍ부품 기반(비자 및 산업관광) 밀양기업 육성사업 모집 공고(시군구연고산업 육성사업),FAM-0678,경영,디자인/상품화/사업화,0,2,0,2,1,3
PBLN_000000000122459,[부산] 2026년 글로벌 비즈니스 역량 지원 컨설팅 참가기업 모집 공고,FAM-0679,경영,컨설팅,7,2,2,14,2,0
PBLN_000000000122464,2026년 의정부 FIT 데이(Demo Day) 1회차 참여기업 모집 수정 공고,FAM-0680,경영,컨설팅,7,2,2,1,2,0
PBLN_000000000122466,[전북] 2026년 2차 데이터 활용기업 맞춤형 지원사업 수요기업 모집 연장 공고,FAM-0681,경영,디자인/상품화/사업화,0,2,1,2,2,3
PBLN_000000000122467,2026년 문화기술 콘텐츠 유통지원 지원기업 글로벌 진출형 추가 모집 공고,FAM-0682,경영,디자인/상품화/사업화,4,2,1,14,2,3
PBLN_000000000122468,[경북] 2026년 중소기업 ESG 경영지원 구축 사업 참여기업 모집 공고,FAM-0683,경영,컨설팅,7,2,1,9,1,3
PBLN_000000000122478,[대구] 2026년 마을기업 판로확장 지원사업 참가자 모집 공고,FAM-0684,경영,교육,1,2,1,12,2,0
PBLN_000000000122480,[충남] 2026년 사회적경제기업 공공구매ㆍ서비스매칭 박람회 참가기업 모집 공고,FAM-0685,내수,공공구매,6,2,2,14,1,0
PBLN_000000000122482,[서울] 강남구 2027년 친환경농자재(유기질비료ㆍ친환경상토) 신청 공고,FAM-0686,경영,디자인/상품화/사업화,6,2,2,4,1,0
PBLN_000000000122484,[충북] 충주시 2026년 청년농업인 농지임차료 지원사업 대상자 추가 모집 공고,FAM-0687,경영,시설/입지지원,0,2,1,4,1,1
PBLN_000000000122485,[경기] 부천시 2026년 제29회 G-FAIR KOREA(대한민국우수상품전시회) 참가기업 추가모집 공고,FAM-0688,내수,오프라인,6,2,1,14,1,0
PBLN_000000000122492,[충남] 2026년 IP디딤돌 프로그램 창업자 후속지원 대상자 모집 공고,FAM-0689,경영,디자인/상품화/사업화,0,2,2,12,2,0
PBLN_000000000122493,[세종] 2026년 소상공인 IP 창출지원 IP 창출 종합패키지(브랜드ㆍ디자인 융합) 사업 공고,FAM-0562,경영,디자인/상품화/사업화,1,2,1,7,2,3
PBLN_000000000122494,2026년 지역특화콘텐츠개발지원(대구게임테크허브) 차세대 플랫폼 도약 지원사업 참가기업 추가모집 공고,FAM-0690,경영,디자인/상품화/사업화,4,2,0,9,1,3
PBLN_000000000122496,[서울] 2026년 중동 상황 피해 중소기업 위기 극복 및 체질 개선을 위한 심화 컨설팅 지원사업 공고,FAM-0691,경영,컨설팅,7,2,1,9,4,3
PBLN_000000000122504,[충북] 제7회 충청북도 우수장수기업 선정 공고,FAM-0692,경영,디자인/상품화/사업화,6,1,2,14,4,1
PBLN_000000000122505,[충북] 제23회 충청북도 중소기업대상 선정 공고 ,FAM-0693,경영,디자인/상품화/사업화,6,1,2,14,1,1
PBLN_000000000122507,[제주] 2026년 양식장 소수력발전시설 지원사업 대상자 모집 공고,FAM-0694,경영,시설/입지지원,6,2,1,4,1,1
PBLN_000000000122509,[부산] 부산진구 2026년 소상공인 경영전략 컨설팅 지원사업 참여 대상자 모집 공고,FAM-0695,경영,컨설팅,6,2,1,9,3,0
PBLN_000000000122511,[부산] 남구 2026년 우리가게 새단장 지원 사업 참여점포 추가 모집 공고,FAM-0696,경영,시설/입지지원,0,2,2,12,1,3
PBLN_000000000122513,[경남] 2026년 선도 사회적경제기업 육성 지원사업 참여 시군(기업) 추가모집 공고,FAM-0697,경영,디자인/상품화/사업화,4,2,1,12,2,3
PBLN_000000000122514,2026년 대구 미래신산업 유망벤처ㆍ고성장기업 육성사업 사업화(비R&D) 지원 모집 공고,FAM-0698,경영,디자인/상품화/사업화,4,2,1,1,4,3
PBLN_000000000122516,침해사고 예방을 위한 취약점 점검 무료 지원 모집 공고,FAM-0699,경영,정보화지원,7,2,2,9,2,0
PBLN_000000000122517,[경기] 용인시 2026년 1인 창조기업 지원센터 선택형 사업 공고,FAM-0700,경영,디자인/상품화/사업화,6,2,2,12,3,3
PBLN_000000000122520,[대구] 북구 먹거리골목 외식업소 디지털 주문시스템 설치 지원사업 참여업소 모집 공고,FAM-0701,경영,시설/입지지원,6,2,0,4,1,0
PBLN_000000000122521,[경북] 경주시 2026년 농어업발전기금 대형농기계 융자지원 사업 공고,FAM-0702,금융,융자,0,2,2,4,4,1
PBLN_000000000122522,2026년 3차 재취업지원서비스 기업컨설팅 지원 사업장 모집 공고,FAM-0703,경영,컨설팅,7,2,2,10,2,0
PBLN_000000000122524,[경기] 북부 2026년 지역 대표 K-브랜드 100 지원 사업 지원 대상 모집 공고,FAM-0704,경영,디자인/상품화/사업화,0,2,0,12,1,3
PBLN_000000000122525,[경남] 양산ㆍ김해ㆍ밀양시 2026년 G-Space 창업기업 디지털마케팅 지원사업 참여기업 모집 공고,FAM-0705,경영,디자인/상품화/사업화,6,2,1,1,1,3
PBLN_000000000122527,[경기] 김포시 2026년 중소기업 SOS컨설팅 지원사업 참여기업 추가모집 공고,FAM-0706,경영,컨설팅,7,2,2,9,1,3
PBLN_000000000122530,[경북] 2026년 해양수산 창업ㆍ투자지원사업 참여기업 모집 공고,FAM-0707,창업,사업화지원,6,2,1,2,1,3
PBLN_000000000122532,2026년 강원 영동권 관광 가치이음 지원사업 변경 모집 공고,FAM-0708,경영,디자인/상품화/사업화,6,2,0,12,3,3
PBLN_000000000122533,[강원] 2026년 지역 대표 K-브랜드 100 지원 사업 지원 대상 모집 공고,FAM-0709,경영,디자인/상품화/사업화,0,2,0,12,3,3
PBLN_000000000122536,[충남] 2026년 2차 소상공인ㆍ자영업자 새출발기금 지원 모집 공고,FAM-0710,경영,디자인/상품화/사업화,2,2,1,12,1,3
PBLN_000000000122537,2026년 AI 스타트업 발굴ㆍ육성 지원사업(2차년도) 참여기업 모집 2차 재공고(지역 주도형 AI 대전환),FAM-0711,창업,사업화지원,4,2,2,1,2,3
PBLN_000000000122538,[경북] 2026년 지역중소기업 밀집지역 생태계 공동회복 지원과제 수요기업 모집 공고(중소기업 밀집지역 위기대응 체계 구축사업),FAM-0673,경영,디자인/상품화/사업화,6,2,1,10,1,3
PBLN_000000000122542,[전남] 2026년 지역 대표 K-브랜드 100 지원 사업 지원 대상 모집 공고,FAM-0709,경영,디자인/상품화/사업화,0,2,0,12,2,3
PBLN_000000000122546,[부산] 2026년 Made in Busan 신발 정품인증 레이블 지원 수요기업 추가모집 공고,FAM-0712,경영,디자인/상품화/사업화,7,2,2,12,1,0
PBLN_000000000122547,[경기] 여주시 2026년 지역특화콘텐츠 제작지원사업 기업 모집 공고,FAM-0713,경영,디자인/상품화/사업화,6,2,1,5,1,3
PBLN_000000000122553,2026년 광주 동구 AI헬스케어 스타트업 육성사업 공고(시군구연고산업육성 협업프로젝트),FAM-0714,창업,사업화지원,4,2,1,1,1,3
PBLN_000000000122554,[울산] 2026년 지역중소기업 밀집지역 생태계 공동회복 지원과제 수요기업 모집 공고(중소기업 밀집지역 위기대응 체계 구축사업),FAM-0673,경영,디자인/상품화/사업화,7,2,1,10,1,0
PBLN_000000000122556,[전북] 2026년 중소기업 우수제품 맞춤형 디자인 지원사업 디자인기업 모집 연장 공고,FAM-0715,경영,디자인/상품화/사업화,4,2,1,12,1,3
PBLN_000000000122558,[전북] 2026년 디자인센터 중소기업 디자인 지원사업(포장ㆍ브랜드 분야) 추가모집 공고,FAM-0716,경영,디자인/상품화/사업화,6,2,1,12,1,3
PBLN_000000000122561,2026년 서리풀 소상공인 창업 클리닉 모집 공고,FAM-0717,경영,컨설팅,2,2,2,9,2,0
PBLN_000000000122562,2026년 서울 유니콘 챌린지 참가기업 모집 공고,FAM-0718,창업,사업화지원,2,2,2,14,2,3
PBLN_000000000122564,[충남] 천안시 2026년 기업 스마트 혁신지원단 운영사업 참여기업 모집 공고,FAM-0719,경영,컨설팅,0,2,0,9,1,0
PBLN_000000000122565,[부산] 2026년 수산물 온라인마케팅 지원사업 추가모집 공고,FAM-0720,경영,디자인/상품화/사업화,6,2,2,4,3,3
PBLN_000000000122566,[대전] 2026년 소상공인 IP 창출지원 IP 창출 종합패키지(브랜드ㆍ디자인 융합) 사업 공고,FAM-0562,경영,디자인/상품화/사업화,1,2,1,7,2,3
PBLN_000000000122567,[전북] 2026년 소상공인 IP 창출지원 IP 창출 종합패키지(브랜드ㆍ디자인 융합) 사업 공고,FAM-0562,경영,디자인/상품화/사업화,1,2,1,7,2,3
PBLN_000000000122568,[강원] 남부 2026년 소상공인 IP 창출지원 IP 창출 종합패키지(브랜드ㆍ디자인 융합) 사업 공고,FAM-0721,경영,디자인/상품화/사업화,1,2,1,7,3,3
PBLN_000000000122569,[제주] 2026년 소상공인 IP 창출지원 IP 창출 종합패키지(브랜드ㆍ디자인 융합) 사업 공고,FAM-0562,경영,디자인/상품화/사업화,1,2,1,7,2,3
PBLN_000000000122570,[광주] 2026년 소상공인 IP 창출지원 IP 창출 종합패키지(브랜드ㆍ디자인 융합) 사업 공고,FAM-0562,경영,디자인/상품화/사업화,1,2,1,7,2,3
PBLN_000000000122572,[충북] 2026년 소상공인 IP창출 종합패키지(브랜드&디자인 융합) 사업 공고,FAM-0561,경영,디자인/상품화/사업화,1,2,1,7,2,3
PBLN_000000000122573,[경남] 2026년 소상공인 IP창출 종합패키지(브랜드&디자인 융합) 사업 공고,FAM-0561,경영,디자인/상품화/사업화,1,2,1,7,2,3
PBLN_000000000122574,[대구] 2026년 소상공인 IP창출 종합패키지(브랜드&디자인 융합) 사업 공고,FAM-0561,경영,디자인/상품화/사업화,1,2,1,7,2,3
PBLN_000000000122575,[울산] 2026년 소상공인 IP창출 종합패키지(브랜드&디자인 융합) 사업 공고,FAM-0561,경영,디자인/상품화/사업화,1,2,1,7,2,3
PBLN_000000000122576,2026년 사회적기업 창업지원사업 창업팀 추가모집 공고,FAM-0722,창업,사업화지원,1,2,1,11,2,3
PBLN_000000000122577,[경북] 경주시 2026년 과수고품질시설 현대화사업 재공고,FAM-0723,경영,시설/입지지원,3,1,4,4,1,2
PBLN_000000000122578,협업형 지역생활경제 활성화 시범사업 공고,FAM-0724,경영,디자인/상품화/사업화,4,2,1,12,1,3
PBLN_000000000122580,[경북] 청도군 2026년 소상공인 카드수수료 지원사업 참여 점포 모집 공고,FAM-0725,경영,디자인/상품화/사업화,0,2,1,0,3,1
PBLN_000000000122581,[경남] 2026년 제30회 중소기업대상 포상기업 및 유공자 모집 공고,FAM-0726,내수,홍보지원,0,2,0,2,1,3
PBLN_000000000122582,2026년 K-수출전략품목 참여기업 모집 공고,FAM-0727,경영,디자인/상품화/사업화,6,2,1,10,1,0
PBLN_000000000122583,[충남] 2026년 정보보호 신규 비즈니스 모델 발굴 및 기업지원 모집 재공고(지역 거점 정보보호 클러스터 구축 사업),FAM-0728,창업,사업화지원,7,2,1,2,2,0
PBLN_000000000122584,[경기] 김포시 2026년 소상공인 경영환경 개선사업 추가 모집 공고,FAM-0729,경영,시설/입지지원,6,2,1,4,3,3
PBLN_000000000122586,[충남] 2026년 정보보호 기업 성장(사업화) 지원사업 모집 공고(지역 거점 정보보호 클러스터 구축 사업),FAM-0730,경영,디자인/상품화/사업화,4,2,1,12,1,3
PBLN_000000000122590,[충북] 청주시 2026년 첨단문화산업단지 입주기업 역량강화 지원사업 모집 공고,FAM-0731,경영,디자인/상품화/사업화,6,2,0,12,1,0
PBLN_000000000122593,[충청권ㆍ호남권] 2026년 2차 충청호남권 상생소공인특화지원센터 지원사업 통합 공고,FAM-0732,경영,디자인/상품화/사업화,2,2,2,10,1,0
PBLN_000000000122594,2026년 6월 문화산업 완성보증 공고,FAM-0733,금융,보증,0,2,3,14,1,1
PBLN_000000000122596,2026년 6월 콘텐츠IP보증 공고,FAM-0734,금융,보증,4,2,1,10,2,1
PBLN_000000000122599,[전북] 2026년 SW강소기업 도약 패키지 지원사업 2차 연장 공고,FAM-0735,경영,디자인/상품화/사업화,6,2,2,12,1,3
PBLN_000000000122601,2026년 6월 문화콘텐츠기업보증 공고,FAM-0736,금융,보증,0,2,3,14,4,1
PBLN_000000000122602,[경기] 안양시 2026년 한국전자전(KES) 경기남부 소공인 공동관 지원사업 추가 모집 공고,FAM-0737,내수,오프라인,6,2,1,10,3,0
PBLN_000000000122603,[서울] 강남구 2026년 글로벌 스타트업 IR 활성화 사업(투자유치설명회) 참여기업 모집 연장 공고,FAM-0738,창업,사업화지원,4,2,1,2,1,3
PBLN_000000000122604,[서울] 강남구 2026년 글로벌 스타트업 IR 활성화 사업(글로벌 프로그램) 참여기업 모집 연장 공고,FAM-0739,창업,사업화지원,4,2,1,1,1,3
PBLN_000000000122613,[경기] 평택시 2026년 수출ㆍ환변동 보험료 지원사업 모집 공고,FAM-0740,금융,보험(수출+무역),0,2,1,14,3,0
PBLN_000000000122615,[광주] 2026년 김치 온라인 마케팅 지원 대상자 추가 모집 공고(광주김치 온라인 판로 개척 및 홍보),FAM-0741,내수,홍보지원,6,2,1,5,1,0
PBLN_000000000122616,[경북] 영주시 2026년 중소기업 물류비 지원사업 참여기업 모집 공고,FAM-0742,경영,디자인/상품화/사업화,0,2,1,14,4,3
PBLN_000000000122618,2026년 ICT 스마트 디바이스 전국 공모전 참가 모집 공고(지능 온디바이스 혁신 아이디어 발굴),FAM-0743,내수,오프라인,1,2,1,11,2,3
PBLN_000000000122625,2026년 무탄소에너지보증사업(해상풍력 맞춤형 보증지원) 공고,FAM-0744,금융,보증,0,2,3,10,4,1
PBLN_000000000122636,2026년 소모성자재(MRO) 납품 중소기업 공공조달 입찰 컨설팅 참여기업 모집 공고,FAM-0745,경영,컨설팅,7,2,2,9,2,0
PBLN_000000000122637,[세종] 2026년 세종형 행복일터 인증기업 모집 공고,FAM-0746,경영,디자인/상품화/사업화,6,2,2,14,1,0
PBLN_000000000122643,전남 영암형 창업지원(로컬크리에이터 육성)사업 2기 2차 청년창업자(팀) 모집 공고,FAM-0747,창업,사업화지원,1,2,1,12,1,3
PBLN_000000000122644,[경북] 2026년 2차 미래자동차 사업재편 혁신성장 지원사업 공고,FAM-0748,경영,디자인/상품화/사업화,7,2,2,9,1,0
PBLN_000000000122648,[충북] 영동군 2026년 2차 지방소멸 대응을 위한 와인산업 활성화 지원사업 수혜기업 모집 공고(시군구연고산업육성사업 지원모집 공고),FAM-0749,경영,디자인/상품화/사업화,4,2,1,2,1,3
PBLN_000000000122649,[충북] 옥천군 2026년 2차 묘목산업 고도화를 위한 묘목전후방산업 기업지원 프로그램 수혜기업 모집 공고(시군구연고산업육성 협업프로젝트),FAM-0750,경영,디자인/상품화/사업화,1,2,1,12,2,3
PBLN_000000000122651,2026년 6차 콘크리트 2차 제품 제조기업 및 레미콘 기업지원 수혜기업 모집 공고,FAM-0751,경영,컨설팅,1,2,0,2,2,3
PBLN_000000000122653,[충북] 2026년 2차 지역중소기업 밀집지역 생태계 공동회복 지원과제 수요기업 모집 공고(중소기업 밀집지역 위기대응 체계 구축사업),FAM-0673,경영,교육,7,2,1,10,2,0
PBLN_000000000122656,2026년 전남 영화ㆍ드라마 제작 인센티브 지원사업 공고,FAM-0752,경영,디자인/상품화/사업화,0,1,1,14,4,1
PBLN_000000000122658,[경북] 2026년 G-Star Pitchday 1차 예선 모집 연장 공고,FAM-0753,창업,사업화지원,6,2,2,2,1,0
PBLN_000000000122667,[경북] 2026년 푸드테크 연구지원센터(세포배양식품) 사업화지원 소비자 인식 지원기업 모집 공고,FAM-0754,경영,디자인/상품화/사업화,7,2,2,9,1,0
PBLN_000000000122669,[경기] 2026년 지역 기후테크 크라우드펀딩 지원사업 참여기업 모집 공고,FAM-0755,경영,디자인/상품화/사업화,6,2,1,9,2,0
PBLN_000000000122673,[경기] 2026년 2차 사회적경제제품 온라인 매장 운영 사업 지원기업 모집 공고,FAM-0756,내수,온라인,2,2,1,5,1,0
PBLN_000000000122674,[경북] 울진군 2026년 2차 블루(blue)푸드 산업 활성화 지원사업 기업지원 프로그램 참여기업 모집 연장 공고(시군구연고산업육성 협업프로젝트),FAM-0757,경영,디자인/상품화/사업화,4,2,1,2,1,0
